COUNTRY,YEAR,yearly_sd_net_capital_flows_pgdp,mean_overall_restrictions_index
Angola,2012,12.165729572651536,0.8888888888888888
Angola,2013,9.351550622101511,0.8888888888888888
Angola,2014,7.383810289124401,0.875
Angola,2015,12.343430502237576,0.875
Angola,2016,7.257556780015673,0.8660714285714286
Angola,2017,4.443432954695817,0.8660714285714286
Angola,2018,6.2579961373804895,0.8660714285714286
Angola,2019,8.255042485061587,0.8660714285714286
Argentina,1999,3.628569692194406,0.175
Argentina,2000,1.8993877796057568,0.175
Argentina,2001,4.274420986378511,0.275
Argentina,2002,5.791413668735569,0.425
Argentina,2003,0.9570943662746993,0.575
Argentina,2004,1.0640343491792417,0.775
Argentina,2005,1.086643021203089,0.7
Argentina,2006,7.471150900582673,0.45
Argentina,2007,4.1906530932147295,0.675
Argentina,2008,2.656195003699518,0.75
Argentina,2009,2.479845494729137,0.7749999999999999
Argentina,2010,0.9472671985558218,0.7749999999999999
Argentina,2011,0.19982073176977516,0.825
Argentina,2012,1.3505126801840783,0.9
Argentina,2013,1.3601979503388717,0.9
Argentina,2014,2.0079307667439155,0.9
Argentina,2015,2.3978751740272783,0.9
Argentina,2016,2.537787512396031,0.9
Argentina,2017,3.3989404618799415,0.075
Argentina,2018,7.72867770412918,0.175
Argentina,2019,6.81004945164965,0.125
Australia,1999,2.979095207245288,0.32499999999999996
Australia,2000,2.855746831820052,0.35
Australia,2001,1.6840601254885679,0.35
Australia,2002,2.2900794968881657,0.35
Australia,2003,3.2848250764256615,0.32499999999999996
Australia,2004,4.186027512350627,0.32499999999999996
Australia,2005,2.2078024715900604,0.32499999999999996
Australia,2006,1.9772043159564041,0.3
Australia,2007,4.899874580380694,0.325
Australia,2008,2.3038859536696785,0.325
Australia,2009,3.9484171983503167,0.325
Australia,2010,1.3300164874723281,0.35
Australia,2011,1.1100572429691284,0.125
Australia,2012,2.820448351363049,0.175
Australia,2013,1.8642793166111142,0.175
Australia,2014,1.128488570374231,0.175
Australia,2015,1.5448513427092694,0.175
Australia,2016,0.7905170338625717,0.175
Australia,2017,3.0454817743339304,0.225
Australia,2018,2.6117323612387193,0.225
Australia,2019,2.5452199221727954,0.30000000000000004
Austria,2005,1.0424176534239042,0.25
Austria,2006,6.311240590288269,0.25
Austria,2007,4.1768566172952495,0.25
Austria,2008,6.250038043597296,0.25
Austria,2009,4.463646924812511,0.25
Austria,2010,3.677941245004829,0.1
Austria,2011,6.790048629370109,0.2
Austria,2012,2.209717815367181,0.2
Austria,2013,3.4743964875409894,0.2
Austria,2014,0.9328040507318217,0.2
Austria,2015,4.3034696901178435,0.2
Austria,2016,3.3686892436427494,0.2
Austria,2017,3.2697418173888106,0.2
Austria,2018,2.9111507432225148,0.2
Austria,2019,2.569933504837504,0.2
"Bahrain, Kingdom of",2011,1.0316233562599566,0.275
Bangladesh,1999,0.7205380780503282,0.8055555555555556
Bangladesh,2000,0.7733817759232017,0.8055555555555556
Bangladesh,2001,1.5424626107477128,0.8
Bangladesh,2002,0.9562328717992403,0.8
Bangladesh,2003,1.4444836272966382,0.8
Bangladesh,2004,1.1403517341631861,0.8
Bangladesh,2005,1.252407653630254,0.8
Bangladesh,2006,1.1319760535069354,0.8
Bangladesh,2007,0.9542619381735268,0.825
Bangladesh,2008,1.5561079526496804,0.825
Bangladesh,2009,1.7201203371975842,0.85
Bangladesh,2010,2.33451589901699,0.85
Bangladesh,2011,3.722026536017919,0.85
Bangladesh,2012,1.8711522419103535,0.85
Bangladesh,2013,2.729729001113345,0.825
Bangladesh,2014,2.2362559745460007,0.85
Bangladesh,2015,1.8465920953107695,0.85
Bangladesh,2016,1.795905718773181,0.9
Bangladesh,2017,1.1248365988480022,0.95
Bangladesh,2018,2.0801477732068943,0.925
Bangladesh,2019,1.1596379167890454,0.925
Belgium,2002,3.856124154151183,0
Belgium,2003,3.4452836013392902,0
Belgium,2004,3.6768495871878693,0
Belgium,2005,5.549234961769786,0.175
Belgium,2006,4.269848038707936,0.15
Belgium,2007,3.987969782271486,0.15
Belgium,2008,7.137499391624268,0.15
Belgium,2009,4.280431301892388,0.15
Belgium,2010,0.629715214396153,0.15
Belgium,2011,3.472325575038436,0.175
Belgium,2012,6.996493159383921,0.175
Belgium,2013,2.013098593178555,0
Belgium,2014,4.524331040926895,0
Belgium,2015,4.830526935120779,0
Belgium,2016,2.505974509086908,0
Belgium,2017,1.5676442822119099,0
Belgium,2018,1.5295267021754895,0
Belgium,2019,1.2016336859584025,0
Bolivia,1999,6.413409344587113,0.1
Bolivia,2000,6.130723107431958,0.1
Bolivia,2001,6.819299067784625,0.1
Bolivia,2002,9.54204230707977,0.1
Bolivia,2003,11.7372737280595,0.1
Bolivia,2004,5.6184257033872615,0.1
Bolivia,2005,8.829043680420291,0.1
Bolivia,2006,22.32700453419068,0.1
Bolivia,2007,23.946177345080937,0.30000000000000004
Bolivia,2008,5.859788640068025,0.30000000000000004
Bolivia,2009,1.2979790024902906,0.30000000000000004
Bolivia,2010,1.1023772234254987,0.2
Bolivia,2011,5.255354791860016,0.325
Bolivia,2012,4.579806706179901,0.2
Bolivia,2013,2.1562377586337784,0.2
Bolivia,2014,2.3508398717604058,0.2
Bolivia,2015,4.1679972817717745,0.2
Bolivia,2016,3.1394864482403997,0.2
Bolivia,2017,2.8699468752595,0.2
Bolivia,2018,6.4928009318636,0.2
Bolivia,2019,5.789040878526517,0.2
Brazil,1999,5.871824808142953,0.875
Brazil,2000,4.065653276964079,0.85
Brazil,2001,2.4944818561128987,0.8416666666666667
Brazil,2002,5.004178362919025,0.45
Brazil,2003,3.2660918047958236,0.475
Brazil,2004,1.6078730986748708,0.475
Brazil,2005,3.0938295330656223,0.3916666666666667
Brazil,2006,0.8724663154299725,0.275
Brazil,2007,2.991866049302439,0.325
Brazil,2008,5.192044578453338,0.375
Brazil,2009,2.800949857659088,0.7250000000000001
Brazil,2010,0.9411996334926748,0.725
Brazil,2011,1.7558757055731602,0.725
Brazil,2012,1.2466068735412978,0.6499999999999999
Brazil,2013,1.6704690728522464,0.6
Brazil,2014,0.9992694231674379,0.6
Brazil,2015,2.7630970703405877,0.65
Brazil,2016,0.8822910293869177,0.65
Brazil,2017,0.5662368339458775,0.65
Brazil,2018,1.632857344653699,0.65
Brazil,2019,2.3809287501648964,0.65
Brunei Darussalam,2001,10.58916015449883,0.05
Brunei Darussalam,2002,21.852964122355324,0.05
Brunei Darussalam,2003,5.554243938444536,0.05
Brunei Darussalam,2004,15.361763310700514,0.05
Brunei Darussalam,2005,11.568340347348741,0.05
Brunei Darussalam,2006,22.153426889384335,0.05
Brunei Darussalam,2007,2.947590948897156,0.05
Brunei Darussalam,2008,2.670128845467219,0.05
Brunei Darussalam,2009,0.6344589420992982,0.05
Brunei Darussalam,2010,29.471646916146963,0.05
Brunei Darussalam,2011,18.155796224297482,0.05
Brunei Darussalam,2012,19.10147630245778,0.05
Brunei Darussalam,2013,15.338270791053967,0.05
Brunei Darussalam,2014,20.415397204613488,0.05
Brunei Darussalam,2015,3.8486791380017196,0.05
Brunei Darussalam,2016,6.812918964486748,0.05
Brunei Darussalam,2017,18.519464179540208,0.05
Brunei Darussalam,2018,14.383503231974023,0.05
Brunei Darussalam,2019,19.506423617733315,0.05
Bulgaria,1999,7.735787447953484,0.15000000000000002
Bulgaria,2000,10.403271826464955,0.15000000000000002
Bulgaria,2001,9.131217282885633,0.25
Bulgaria,2002,8.84679768286656,0.25
Bulgaria,2003,7.807120936465521,0.2
Bulgaria,2004,8.503421339208781,0.2
Bulgaria,2005,7.270008612028307,0.2
Bulgaria,2006,7.3929680802525795,0.05
Bulgaria,2007,15.888320709275465,0.05
Bulgaria,2008,14.760904853104662,0.05
Bulgaria,2009,6.473870693627792,0.05
Bulgaria,2010,5.5214867049482566,0.05
Bulgaria,2011,8.9104991262646,0.05
Bulgaria,2012,4.937831209362642,0.05
Bulgaria,2013,3.5164872618485603,0.05
Bulgaria,2014,5.377950634675389,0.05
Bulgaria,2015,7.245626019822163,0.05
Bulgaria,2016,3.040860780702965,0.05
Bulgaria,2017,6.126841045062673,0.05
Bulgaria,2018,4.521471494000962,0.05
Bulgaria,2019,4.076032119881109,0.1
Canada,1999,2.2282313349206526,0.05
Canada,2000,2.5667238506861376,0.05
Canada,2001,1.502495510549572,0.05
Canada,2002,2.3125869699885624,0.05
Canada,2003,1.0278552111258288,0.05
Canada,2004,1.406636662762603,0.05
Canada,2005,1.1024819098044318,0.05
Canada,2006,0.7585173612234106,0.05
Canada,2007,1.1026165780942006,0.05
Canada,2008,1.5848270813384464,0.05
Canada,2009,1.4835167254553885,0.05
Canada,2010,1.107223258439545,0.05
Canada,2011,1.3693997184997948,0.05
Canada,2012,0.8127481206867677,0.05
Canada,2013,0.434238437588176,0.05
Canada,2014,1.0395632986718184,0.05
Canada,2015,1.3758170266668197,0.05
Canada,2016,0.9743180970989257,0.05
Canada,2017,0.5458595682554023,0.1
Canada,2018,0.9045428936619647,0.1
Canada,2019,1.2851510801577994,0.1
Chile,1999,8.275736283119372,0.775
Chile,2000,1.8644304454137346,0.75
Chile,2001,1.9526471587687186,0.3
Chile,2002,2.1920167301958693,0.3
Chile,2003,6.9335623032836935,0.3
Chile,2004,5.54377967258364,0.3
Chile,2005,3.919800332382477,0.3
Chile,2006,0.2087737002950904,0.225
Chile,2007,6.621746922195163,0.225
Chile,2008,10.115334556452247,0.225
Chile,2009,3.7198327315312736,0.225
Chile,2010,6.572386449462636,0.225
Chile,2011,4.809099132669019,0.225
Chile,2012,6.206154751573058,0.225
Chile,2013,4.416111774553559,0.225
Chile,2014,1.195799908015471,0.225
Chile,2015,4.689178645635018,0.225
Chile,2016,3.090787934330901,0.225
Chile,2017,2.620693393198368,0.225
Chile,2018,3.27890523536615,0.225
Chile,2019,3.989438424673737,0.225
"China, People's Republic of",2005,2.513158407969502,1
"China, People's Republic of",2006,2.341564987577468,1
"China, People's Republic of",2007,4.307846804271893,1
"China, People's Republic of",2008,3.9834090437496332,1
"China, People's Republic of",2009,2.472713425553226,1
"China, People's Republic of",2010,2.839225108264131,1
"China, People's Republic of",2011,3.4971621410036358,1
"China, People's Republic of",2012,1.994350785237085,1
"China, People's Republic of",2013,1.9069311477208377,0.9
"China, People's Republic of",2014,2.3942688558312244,0.8
"China, People's Republic of",2015,1.6238765858365707,0.8
"China, People's Republic of",2016,1.2832663694182482,0.9
"China, People's Republic of",2017,0.49676638617602553,0.9
"China, People's Republic of",2018,1.4833480789041413,0.9
"China, People's Republic of",2019,0.6622084831784503,0.9
Colombia,1999,2.165263689466625,0.6305555555555555
Colombia,2000,0.5655537565319135,0.6388888888888888
Colombia,2001,0.8250399292190094,0.6388888888888888
Colombia,2002,0.7549392843477689,0.8
Colombia,2003,1.0219135296239101,0.575
Colombia,2004,1.9488250157955957,0.6000000000000001
Colombia,2005,2.6167702497375207,0.6000000000000001
Colombia,2006,1.7053220976032826,0.575
Colombia,2007,3.5794050960713504,0.625
Colombia,2008,1.1123657249497398,0.625
Colombia,2009,1.393054904721237,0.575
Colombia,2010,2.049407667094941,0.725
Colombia,2011,0.7108493832810197,0.475
Colombia,2012,1.4474008851141973,0.475
Colombia,2013,0.7322070679550765,0.575
Colombia,2014,1.41833823347658,0.575
Colombia,2015,1.4917138761450246,0.575
Colombia,2016,1.2335857626563143,0.575
Colombia,2017,0.7749589378525089,0.575
Colombia,2018,1.096958275788916,0.575
Colombia,2019,1.5646389158779268,0.575
Costa Rica,1999,4.910790729336508,0
Costa Rica,2000,5.186046594660931,0
Costa Rica,2001,2.1720666482144995,0
Costa Rica,2002,5.888990719062946,0
Costa Rica,2003,4.2506623010365105,0
Costa Rica,2004,4.157419949178755,0
Costa Rica,2005,2.4403374056992013,0
Costa Rica,2006,6.268560409552461,0.025
Costa Rica,2007,5.629911278848433,0.025
Costa Rica,2008,5.393415128572475,0.025
Costa Rica,2009,5.298824851238822,0.025
Costa Rica,2010,5.287170348631341,0.025
Costa Rica,2011,4.134935273030899,0.075
Costa Rica,2012,8.02397237906497,0.075
Costa Rica,2013,3.9276921198010335,0.125
Costa Rica,2014,4.357493706392177,0.125
Costa Rica,2015,4.146003521910112,0.125
Costa Rica,2016,1.374173818790314,0.075
Costa Rica,2017,2.6077129949790785,0.075
Costa Rica,2018,5.3619030823648295,0.075
Costa Rica,2019,2.0347387271474466,0.125
Cyprus,2001,14.404666018852117,0.85
Cyprus,2002,19.96556170905173,0.875
Cyprus,2003,10.626588904109324,0.825
Cyprus,2004,4.192261007549925,0.05
Cyprus,2005,15.462670173526899,0.05
Cyprus,2006,19.281409560713527,0.15000000000000002
Cyprus,2007,24.063430839837896,0.15000000000000002
Cyprus,2008,6.9680944505823055,0.15000000000000002
Cyprus,2009,10.98374535744662,0.15000000000000002
Cyprus,2010,8.048028739782072,0.15000000000000002
Cyprus,2011,12.23420704218653,0.15000000000000002
Cyprus,2012,6.710386365370184,0.375
Cyprus,2013,11.266688503915038,0.6
Cyprus,2014,10.47841120347954,0.6
Cyprus,2015,20.84595677333578,0.15000000000000002
Cyprus,2016,25.843379375140376,0.2
Cyprus,2017,10.215637893566436,0.2
Cyprus,2018,11.096665721348336,0.2
Cyprus,2019,7.892973399642642,0.2
Czech Republic,1999,4.08174046969382,0.2
Czech Republic,2000,3.7784121734150977,0.15000000000000002
Czech Republic,2001,3.9367985866921975,0.05
Czech Republic,2002,9.913840020829198,0.05
Czech Republic,2003,2.9619846252801447,0.05
Czech Republic,2004,5.566599165507252,0.05
Czech Republic,2005,6.641651430777242,0.325
Czech Republic,2006,3.0174063408785994,0.325
Czech Republic,2007,4.268423998326955,0.325
Czech Republic,2008,4.96792096591037,0.325
Czech Republic,2009,2.9019840064827296,0.325
Czech Republic,2010,7.021948061509013,0.325
Czech Republic,2011,6.054604752322791,0.275
Czech Republic,2012,2.390662643545102,0.05
Czech Republic,2013,10.091077719426515,0.4
Czech Republic,2014,4.961320902318734,0.4
Czech Republic,2015,9.383667644714235,0.4
Czech Republic,2016,5.4902889730708075,0.4
Czech Republic,2017,35.772879726478045,0.4
Czech Republic,2018,3.841335773710311,0.4
Czech Republic,2019,3.40808234317744,0.4
Denmark,1999,3.725344407413547,0.07500000000000001
Denmark,2000,3.7094534608850376,0.07500000000000001
Denmark,2001,4.570414288390426,0.07500000000000001
Denmark,2002,5.240381110327158,0.05
Denmark,2003,5.016343155773742,0.05
Denmark,2004,5.272590140163793,0.05
Denmark,2005,5.040921172471447,0.05
Denmark,2006,4.339401023453492,0.05
Denmark,2007,4.116222096176438,0.05
Denmark,2008,10.518274190997754,0.05
Denmark,2009,11.30590021059392,0.05
Denmark,2010,9.026126621977541,0.05
Denmark,2011,7.441414281929376,0.05
Denmark,2012,4.181435198578277,0.05
Denmark,2013,13.305932552086304,0.05
Denmark,2014,11.488034819646645,0.05
Denmark,2015,44.06018439702594,0.05
Denmark,2016,6.254126864667704,0.05
Denmark,2017,5.921728191564844,0.05
Denmark,2018,0.5897345063373468,0.05
Denmark,2019,4.429169281312798,0.05
Dominican Republic,2011,5.447278476104568,0.275
Dominican Republic,2012,4.392882754110555,0.25
Dominican Republic,2013,1.93007017813812,0.25
Dominican Republic,2014,5.147625505249852,0.25
Dominican Republic,2015,6.179443975382493,0.25
Dominican Republic,2016,4.311389093989162,0.25
Dominican Republic,2017,5.73085515865397,0.325
Dominican Republic,2018,2.6978883478958475,0.35
Dominican Republic,2019,3.8106220192555256,0.375
Ecuador,1999,3.05870174976079,0.35
Ecuador,2000,21.086360701888818,0.35
Ecuador,2001,4.884526784961355,0.35
Ecuador,2002,2.4344481085638376,0.35
Ecuador,2003,3.1272588884489014,0.3
Ecuador,2004,0.971805656675019,0.1
Ecuador,2005,1.1973695724983424,0.1
Ecuador,2006,4.572562697412227,0.15
Ecuador,2007,4.47078316911119,0.15
Ecuador,2008,3.475925819123003,0.5
Ecuador,2009,10.990958316049523,0.5
Ecuador,2010,5.788478512696828,0.5
Ecuador,2011,2.708180417922167,0.5
Ecuador,2012,6.591445414960861,0.5
Ecuador,2013,3.716283522247942,0.5
Ecuador,2014,5.509695564387299,0.5
Ecuador,2015,3.8701582771105483,0.525
Ecuador,2016,2.5461437330168817,0.525
Ecuador,2017,3.7899468528571276,0.525
Ecuador,2018,5.564744830592483,0.5
Ecuador,2019,5.292620734839732,0.5
"Egypt, Arab Republic of",2011,3.483247302208231,0.225
"Egypt, Arab Republic of",2012,2.9727878504341945,0.225
"Egypt, Arab Republic of",2013,4.312285779512483,0.225
"Egypt, Arab Republic of",2014,0.822110132013726,0.25
"Egypt, Arab Republic of",2015,4.622588028608466,0.25
"Egypt, Arab Republic of",2016,1.4483540940209407,0.25
"Egypt, Arab Republic of",2017,3.5373822942547397,0.25
"Egypt, Arab Republic of",2018,5.113684837081454,0.25
"Egypt, Arab Republic of",2019,3.505135855357863,0.25
El Salvador,1999,3.9052129201840073,0
El Salvador,2000,9.175852823828167,0
El Salvador,2001,2.8422832345667612,0.05
El Salvador,2002,4.606519378631101,0.05
El Salvador,2003,3.851657382281689,0.05
El Salvador,2004,4.638350030548727,0.05
El Salvador,2005,7.110696552319914,0.05
El Salvador,2006,3.1665826833709865,0.05
El Salvador,2007,15.34681220688749,0.05
El Salvador,2008,6.567045091647557,0.05
El Salvador,2009,13.969208869151334,0.175
El Salvador,2010,11.144979526062983,0.175
El Salvador,2011,12.583306552459637,0.175
El Salvador,2012,7.692375007970669,0.175
El Salvador,2013,1.7020198235319641,0.175
El Salvador,2014,9.324274591015197,0.175
El Salvador,2015,6.361158394020414,0.175
El Salvador,2016,6.322088368909862,0.175
El Salvador,2017,4.427785614324774,0.225
El Salvador,2018,3.9137020908728655,0.225
El Salvador,2019,3.582555228388038,0.225
"Eswatini, Kingdom of",2011,6.055446726445157,0.8
"Eswatini, Kingdom of",2012,6.2694465712233125,0.8
"Eswatini, Kingdom of",2013,8.412055876695456,0.8
"Eswatini, Kingdom of",2014,10.259970411510428,0.8
"Eswatini, Kingdom of",2015,1.9294611282101954,0.8
"Eswatini, Kingdom of",2016,4.1480704919620175,0.8
"Eswatini, Kingdom of",2017,4.823013356272649,0.8
"Eswatini, Kingdom of",2018,1.8924487680202038,0.8
"Eswatini, Kingdom of",2019,13.402297687462413,0.8
"Ethiopia, The Federal Democratic Republic of",2003,5.16110676230328,0.8125
"Ethiopia, The Federal Democratic Republic of",2004,11.372480958491202,0.8125
"Ethiopia, The Federal Democratic Republic of",2005,1.1878769859891891,0.8125
"Ethiopia, The Federal Democratic Republic of",2006,3.252731784309945,0.90625
"Ethiopia, The Federal Democratic Republic of",2007,1.0882517502733446,0.90625
"Ethiopia, The Federal Democratic Republic of",2008,1.2825421069883975,0.9375
"Ethiopia, The Federal Democratic Republic of",2009,0.6802194018537878,0.9375
Finland,1999,4.462782030406544,0.05
Finland,2000,3.479937537066375,0.05
Finland,2001,3.307062643074876,0.05
Finland,2002,2.152895442247369,0.05
Finland,2003,4.43355984633396,0.05
Finland,2004,4.036778489769465,0.05
Finland,2005,4.8694125890841775,0.30000000000000004
Finland,2006,2.8820078656642174,0.30000000000000004
Finland,2007,7.3518767816775465,0.30000000000000004
Finland,2008,9.076420433350954,0.30000000000000004
Finland,2009,6.688089494567483,0.125
Finland,2010,4.504595805085178,0.125
Finland,2011,8.051280953420308,0.1
Finland,2012,15.628684888721267,0.1
Finland,2013,11.316929940345469,0.125
Finland,2014,7.013421074074238,0.125
Finland,2015,8.023352606752404,0.125
Finland,2016,7.627193246440498,0.325
Finland,2017,3.8520664758588756,0.325
Finland,2018,4.300568507182461,0.325
Finland,2019,4.1481655964051365,0.325
France,1999,2.3575758190667946,0.07500000000000001
France,2000,2.977609180184775,0.1
France,2001,4.180788187416026,0.1
France,2002,1.0132491619771806,0.1
France,2003,0.6847575820136138,0
France,2004,2.66255812458994,0
France,2005,2.1615362921189645,0.05
France,2006,1.667607911362884,0.05
France,2007,2.6367806309399726,0.05
France,2008,4.385696431755831,0.05
France,2009,1.762436509300423,0.05
France,2010,3.81412491578806,0.05
France,2011,1.4729892090758245,0.05
France,2012,0.504368781164211,0.05
France,2013,3.5145573843592604,0.05
France,2014,2.735986053909711,0.05
France,2015,1.4565414526426275,0.05
France,2016,2.0888464460943994,0.05
France,2017,1.8762189027363283,0.05
France,2018,3.9745154292957032,0.05
France,2019,0.9435654806676792,0.05
Georgia,1999,2.1559906944671345,0.07500000000000001
Georgia,2000,1.591545611694994,0.07500000000000001
Georgia,2001,2.3442792533522177,0.07500000000000001
Georgia,2002,1.8773823266578817,0.07500000000000001
Georgia,2003,3.0352558413969746,0.07500000000000001
Georgia,2004,2.7117682533030183,0.07500000000000001
Georgia,2005,4.279654733053976,0.07500000000000001
Georgia,2006,7.583895889259355,0.07500000000000001
Georgia,2007,4.089654526397738,0
Georgia,2008,8.450146775485289,0
Georgia,2009,5.330937611302463,0.05
Georgia,2010,5.56643636085619,0
Georgia,2011,3.219443196059834,0
Georgia,2012,3.9525661324969166,0.05
Georgia,2013,2.2641561225986457,0.05
Georgia,2014,6.230496506323086,0.1
Georgia,2015,4.035819298101324,0.1
Georgia,2016,6.738449558587741,0.05
Georgia,2017,3.8169496663295135,0.1
Georgia,2018,4.003248123902058,0.1
Georgia,2019,5.570705150016076,0.1
Germany,1999,4.503598695300687,0
Germany,2000,4.310470290857597,0
Germany,2001,3.9516369831360927,0
Germany,2002,2.905193726333187,0
Germany,2003,3.1178767935387546,0
Germany,2004,4.313162808029446,0.05
Germany,2005,2.3915602704604546,0.3
Germany,2006,3.642226588590803,0.3
Germany,2007,4.1498274567171585,0.3
Germany,2008,1.9173239973096048,0.3
Germany,2009,4.5008525454580735,0.3
Germany,2010,2.103529203927088,0.3
Germany,2011,3.838444316936314,0.3
Germany,2012,2.774939586973417,0.3
Germany,2013,2.1593020496780158,0.3
Germany,2014,1.783794709544482,0.3
Germany,2015,4.050831484096431,0.3
Germany,2016,3.3910943026994476,0.3
Germany,2017,1.3197898509210788,0.3
Germany,2018,2.0806996245976688,0.3
Germany,2019,2.8490575070754405,0.3
Ghana,2011,8.74393705353666,0.325
Ghana,2012,5.955539510787307,0.325
Ghana,2013,5.417989870221775,0.325
Ghana,2014,5.139167750291017,0.325
Ghana,2015,14.234416626084759,0.325
Ghana,2016,7.058538697035383,0.325
Ghana,2017,8.661338106391314,0.325
Ghana,2018,4.540474750134794,0.325
Ghana,2019,8.514663442545066,0.325
Greece,1999,3.85282125536601,0
Greece,2000,4.432453170272516,0
Greece,2001,8.478953848581167,0
Greece,2002,3.153102124480286,0
Greece,2003,4.014714716668864,0
Greece,2004,2.808113939335075,0
Greece,2005,3.089550272251644,0.05
Greece,2006,5.102913608707153,0.05
Greece,2007,2.270908497098742,0.075
Greece,2008,3.1979114863937306,0.15
Greece,2009,3.571250697813012,0.15
Greece,2010,6.436696436381829,0.125
Greece,2011,4.504938503794303,0.125
Greece,2012,7.903682524123974,0.125
Greece,2013,7.175838074535079,0.125
Greece,2014,6.255728860869333,0.125
Greece,2015,6.976019886327501,0.575
Greece,2016,5.466468760630878,0.675
Greece,2017,7.431336010688803,0.675
Greece,2018,5.5895694190569,0.675
Greece,2019,5.123566487385607,0.675
Guatemala,1999,2.367067005661125,0.05
Guatemala,2000,3.2068734991816044,0.05
Guatemala,2001,6.211266065521477,0.075
Guatemala,2002,3.133265097092343,0
Guatemala,2003,2.50762930414122,0
Guatemala,2004,7.796708790521307,0
Guatemala,2005,4.986922919223788,0
Guatemala,2006,3.0091861322150337,0
Guatemala,2007,2.080139502026303,0
Guatemala,2008,3.475020770684173,0
Guatemala,2009,2.7523483610273365,0
Guatemala,2010,1.1295669130275023,0
Guatemala,2011,2.3617406707170394,0
Guatemala,2012,2.575713312887574,0
Guatemala,2013,4.167642135435665,0
Guatemala,2014,3.321482331715494,0
Guatemala,2015,2.9646860131177823,0
Guatemala,2016,4.826256929970482,0.025
Guatemala,2017,4.395894293609486,0.05
Guatemala,2018,2.0124703999741005,0.05
Guatemala,2019,3.568867040965486,0.05
Hungary,1999,3.1035123981016914,0.75
Hungary,2000,4.033751240513561,0.75
Hungary,2001,6.892727516243768,0
Hungary,2002,4.36894358758656,0
Hungary,2003,10.620508001554898,0.025
Hungary,2004,4.548335534571694,0.025
Hungary,2005,2.927360835687344,0.175
Hungary,2006,7.360560852468164,0.225
Hungary,2007,3.3593337612989265,0.225
Hungary,2008,13.57878803965191,0.125
Hungary,2009,13.633058334699967,0.07777777777777778
Hungary,2010,6.491436027025343,0.07777777777777778
Hungary,2011,6.685356404599537,0.07777777777777778
Hungary,2012,2.962135749848555,0.07777777777777778
Hungary,2013,11.676969004465247,0.07500000000000001
Hungary,2014,10.085339290727799,0.07500000000000001
Hungary,2015,8.17507551917674,0.07500000000000001
Hungary,2016,9.36108908676,0.07500000000000001
Hungary,2017,4.8002091433806795,0.07500000000000001
Hungary,2018,4.49478198695935,0.07500000000000001
Hungary,2019,2.7613526139158338,0.07500000000000001
Iceland,1999,4.529180386102175,0.175
Iceland,2000,8.690405505179154,0.175
Iceland,2001,9.089004029135578,0.175
Iceland,2002,6.645537159873639,0.175
Iceland,2003,3.712529932900113,0.175
Iceland,2004,17.519208023508543,0.225
Iceland,2005,19.63227476606623,0.225
Iceland,2006,36.616486202958576,0.225
Iceland,2007,26.731874435011218,0.225
Iceland,2008,40.10139537202976,0.225
Iceland,2009,45.73828932362196,0.8500000000000001
Iceland,2010,57.147877461819796,0.9
Iceland,2011,24.420563158077947,0.9
Iceland,2012,42.16887328875723,0.9
Iceland,2013,9.504793429656605,0.9
Iceland,2014,11.359258336625546,0.9
Iceland,2015,9.136073219262693,0.9
Iceland,2016,13.637773405044726,0.9
Iceland,2017,8.862328982944193,0.8500000000000001
Iceland,2018,6.6266652125675405,0.7250000000000001
Iceland,2019,11.41783984407916,0.2
India,1999,0.5974728398419664,1
India,2000,1.0701037552513857,1
India,2001,1.1395938298771826,1
India,2002,1.3681094042185082,1
India,2003,1.0555535319716554,0.95
India,2004,2.67626475387706,0.95
India,2005,2.036180966445713,0.95
India,2006,0.6579008603930446,0.95
India,2007,3.015142984392083,0.95
India,2008,4.6690661366810655,0.95
India,2009,2.6372735614709177,0.95
India,2010,0.776698419206212,0.95
India,2011,1.792878250745529,0.975
India,2012,1.546167773470786,0.95
India,2013,2.6648234869174634,0.95
India,2014,1.467675670913559,0.95
India,2015,1.95608696463494,0.95
India,2016,0.8499116561373111,0.95
India,2017,1.3346834474600742,0.95
India,2018,1.1553209973916594,0.95
India,2019,0.8849997350921338,0.95
Indonesia,1999,3.114642340038236,0.6111111111111112
Indonesia,2000,1.5361328635498712,0.65
Indonesia,2001,2.9712353609466997,0.675
Indonesia,2002,1.3104026077051678,0.675
Indonesia,2003,2.115813774405787,0.675
Indonesia,2004,2.6436831448444216,0.675
Indonesia,2005,3.884338987734589,0.675
Indonesia,2006,2.28157638139636,0.65
Indonesia,2007,1.2253572074519528,0.7
Indonesia,2008,2.745785373180895,0.575
Indonesia,2009,1.65876793308608,0.675
Indonesia,2010,1.3439808538839504,0.675
Indonesia,2011,4.078308196323205,0.675
Indonesia,2012,1.8078066373891557,0.675
Indonesia,2013,1.7752709886224203,0.625
Indonesia,2014,1.7358680592878735,0.625
Indonesia,2015,1.9621631728142654,0.675
Indonesia,2016,0.9944450107375957,0.675
Indonesia,2017,0.7000287358400671,0.675
Indonesia,2018,2.5065655579745183,0.7
Indonesia,2019,0.9437037164542366,0.7
Ireland,2005,10.898330308910856,0.05
Ireland,2006,3.635279896787633,0.05
Ireland,2007,6.81848360227748,0.05
Ireland,2008,23.632903861217727,0.05
Ireland,2009,16.220459718308966,0.05
Ireland,2010,20.42021343887295,0.05
Ireland,2011,6.793652297862931,0.05
Ireland,2012,13.30689269826443,0.05
Ireland,2013,6.427648052435662,0.05
Ireland,2014,23.02906934033546,0.05
Ireland,2015,36.40861414389307,0.05
Ireland,2016,26.831011458082006,0.05
Ireland,2017,34.346747234371705,0.05
Ireland,2018,38.00029795428249,0.05
Ireland,2019,41.044344791557734,0.05
Israel,1999,4.545065559142422,0.225
Israel,2000,3.359018450111771,0.15
Israel,2001,2.618500811820267,0.15
Israel,2002,3.1034469033297563,0.025
Israel,2003,3.309284837462568,0
Israel,2004,7.109190550325013,0
Israel,2005,5.789198592510742,0
Israel,2006,6.985714908946364,0
Israel,2007,3.5910068443449488,0
Israel,2008,5.435266298913719,0
Israel,2009,8.745451940912867,0
Israel,2010,3.8389359598056494,0
Israel,2011,6.535471599642183,0.075
Israel,2012,4.546834387968223,0.075
Israel,2013,4.9565604979987254,0.125
Israel,2014,2.498152681591262,0.1
Israel,2015,4.294074212712019,0.1
Israel,2016,3.5512753033097466,0.1
Israel,2017,4.830326374753375,0.1
Israel,2018,2.6247590396656433,0.1
Israel,2019,1.7431316576012357,0.1
Italy,1999,1.4007757031524786,0.025
Italy,2000,1.4930223402248386,0.025
Italy,2001,1.6405374520633336,0.025
Italy,2002,1.2218526948187345,0.025
Italy,2003,2.693509285782351,0.025
Italy,2004,1.8126766790245108,0.025
Italy,2005,0.8976438936896427,0.025
Italy,2006,1.3327131642827603,0.025
Italy,2007,0.7819588139124355,0.025
Italy,2008,4.149198606256342,0.025
Italy,2009,6.768620838891144,0.025
Italy,2010,2.299484080699263,0.025
Italy,2011,1.2867003841085787,0.025
Italy,2012,1.2663834774202205,0.025
Italy,2013,2.995854160932476,0.025
Italy,2014,3.5640430311379956,0.025
Italy,2015,2.476875362096267,0.025
Italy,2016,4.115639567384085,0.025
Italy,2017,2.6667772416323627,0.025
Italy,2018,1.6452160403117353,0.025
Italy,2019,2.0171221746871475,0.025
Jamaica,2012,7.8382468054848,0.725
Jamaica,2013,14.482781021447671,0.725
Jamaica,2014,13.210129315669116,0.7
Jamaica,2015,8.691961074362522,0.7
Jamaica,2016,9.381206375129382,0.7250000000000001
Jamaica,2017,11.158883705095679,0.75
Jamaica,2018,7.178107939107972,0.75
Jamaica,2019,6.30961647322635,0.75
Japan,1999,0.9735869992635106,0
Japan,2000,0.5315859619875264,0
Japan,2001,1.1248794086136198,0
Japan,2002,1.485929338827874,0
Japan,2003,1.679091614964315,0
Japan,2004,5.786928307165476,0
Japan,2005,0.8709988948760203,0
Japan,2006,0.5927403425022397,0
Japan,2007,0.9672759392265039,0
Japan,2008,1.7725264649012733,0
Japan,2009,1.4631492800566344,0
Japan,2010,1.462505114949314,0
Japan,2011,3.830730072296611,0
Japan,2012,1.493558775203348,0
Japan,2013,1.6838850449928582,0
Japan,2014,1.7543763768793708,0
Japan,2015,0.593910425937843,0
Japan,2016,4.013515431838023,0
Japan,2017,1.0675044975353356,0
Japan,2018,1.4874774403875666,0
Japan,2019,2.3345195979073203,0
"Kazakhstan, Republic of",1999,3.053936681473973,0.575
"Kazakhstan, Republic of",2000,7.958521453028663,0.6
"Kazakhstan, Republic of",2001,7.467245141771008,0.625
"Kazakhstan, Republic of",2002,3.158573223379451,0.55
"Kazakhstan, Republic of",2003,4.365413535242065,0.55
"Kazakhstan, Republic of",2004,9.5725247976851,0.5
"Kazakhstan, Republic of",2005,4.342700749025747,0.575
"Kazakhstan, Republic of",2006,10.740389580262091,0.775
"Kazakhstan, Republic of",2007,7.7704250057572235,0.675
"Kazakhstan, Republic of",2008,4.282159528940344,0.475
"Kazakhstan, Republic of",2009,2.162024746433847,0.475
"Kazakhstan, Republic of",2010,6.55824776238302,0.375
"Kazakhstan, Republic of",2011,7.079395781967651,0.325
"Kazakhstan, Republic of",2012,2.8176513713000064,0.325
"Kazakhstan, Republic of",2013,1.7556436209964228,0.325
"Kazakhstan, Republic of",2014,5.349187278746127,0.325
"Kazakhstan, Republic of",2015,1.3800515580800312,0.325
"Kazakhstan, Republic of",2016,2.855304252039606,0.25
"Kazakhstan, Republic of",2017,4.5848304109757825,0.325
"Kazakhstan, Republic of",2018,1.5607015089155676,0.1
"Kazakhstan, Republic of",2019,4.270490195494339,0.07500000000000001
"Korea, Republic of",1999,3.074432161377988,0.6
"Korea, Republic of",2000,3.80685410733275,0.5
"Korea, Republic of",2001,1.7917123311705945,0.45
"Korea, Republic of",2002,0.9747941694351409,0.5
"Korea, Republic of",2003,0.5820445066898075,0.5
"Korea, Republic of",2004,2.980299129862824,0.55
"Korea, Republic of",2005,1.0378017032646865,0.225
"Korea, Republic of",2006,1.1814336046927278,0.2
"Korea, Republic of",2007,2.329586142555763,0.175
"Korea, Republic of",2008,6.2088858278584675,0.125
"Korea, Republic of",2009,2.9058262026043225,0.125
"Korea, Republic of",2010,1.8146196822659129,0.15000000000000002
"Korea, Republic of",2011,3.1355104270174925,0.175
"Korea, Republic of",2012,3.0692843021437355,0.175
"Korea, Republic of",2013,1.7537652407831896,0.15
"Korea, Republic of",2014,2.6395566320969817,0.15
"Korea, Republic of",2015,1.5334007988106872,0.15
"Korea, Republic of",2016,0.5798335812069036,0.175
"Korea, Republic of",2017,1.5357283986654944,0.175
"Korea, Republic of",2018,1.8184714668836335,0.175
"Korea, Republic of",2019,1.1412297063963612,0.175
Kuwait,2015,15.915661131528896,0.45
Kuwait,2016,21.507660685154775,0.45
Kuwait,2017,14.047160582375795,0.4
Kuwait,2018,8.756096812582932,0.4
Kuwait,2019,3.7290666844202334,0.4
Kyrgyz Republic,1999,9.931749830483051,0.05555555555555555
Kyrgyz Republic,2000,6.743208709247955,0.1388888888888889
Kyrgyz Republic,2001,8.775990926439027,0.1944444444444444
Kyrgyz Republic,2002,1.980760339580028,0.1944444444444444
Kyrgyz Republic,2003,3.002100127990696,0.1944444444444444
Kyrgyz Republic,2004,5.883076450168553,0.25
Kyrgyz Republic,2005,4.25787629523543,0.1944444444444444
Kyrgyz Republic,2006,7.489941365262162,0.1944444444444444
Kyrgyz Republic,2007,26.601738242181074,0.16666666666666669
Kyrgyz Republic,2008,9.693104077221815,0.16666666666666669
Kyrgyz Republic,2009,7.541413457737043,0.3333333333333333
Kyrgyz Republic,2010,4.602398105052389,0.3333333333333333
Kyrgyz Republic,2011,15.638559108799061,0.3333333333333333
Kyrgyz Republic,2012,7.57789167118221,0.3333333333333333
Kyrgyz Republic,2013,5.148537770066,0.3888888888888889
Kyrgyz Republic,2014,4.2290274825335725,0.3888888888888889
Kyrgyz Republic,2015,17.77471480992274,0.4277777777777778
Kyrgyz Republic,2016,12.445752745631758,0.3888888888888889
Kyrgyz Republic,2017,10.096395429194205,0.3888888888888889
Kyrgyz Republic,2018,10.731492231542024,0.4444444444444444
Kyrgyz Republic,2019,5.0118069102849985,0.4444444444444444
"Latvia, Republic of",1999,7.1463747122520305,0.1
"Latvia, Republic of",2000,3.3121292817248764,0.05
"Latvia, Republic of",2001,8.670138081877433,0.05
"Latvia, Republic of",2002,4.220567549137819,0.05
"Latvia, Republic of",2003,6.028184307477974,0.05
"Latvia, Republic of",2004,4.858472626692837,0.05
"Latvia, Republic of",2005,4.68219773540616,0.05
"Latvia, Republic of",2006,8.16245353231377,0.05
"Latvia, Republic of",2007,6.624021434693101,0.05
"Latvia, Republic of",2008,9.714055306743674,0.07500000000000001
"Latvia, Republic of",2009,24.69117371553097,0.07500000000000001
"Latvia, Republic of",2010,5.440947093162528,0.07500000000000001
"Latvia, Republic of",2011,10.404007681303838,0.07500000000000001
"Latvia, Republic of",2012,6.923825508860677,0.07500000000000001
"Latvia, Republic of",2013,1.3318326037063701,0.07500000000000001
"Latvia, Republic of",2014,2.3191079359375038,0.05
"Latvia, Republic of",2015,5.321564370254873,0.05
"Latvia, Republic of",2016,6.238094819862441,0.05
"Latvia, Republic of",2017,3.7025347013991747,0.05
"Latvia, Republic of",2018,3.37660182525822,0.05
"Latvia, Republic of",2019,2.2602462619695505,0.05
Lebanon,2002,23.6801089022715,0.425
Lebanon,2003,16.59790950516369,0.35
Lebanon,2004,5.64919483627982,0.625
Lebanon,2005,74.5546418773715,0.8
Lebanon,2006,28.49752519181881,0.8
Lebanon,2007,17.198292044479743,0.8
Lebanon,2008,20.958652030140417,0.7749999999999999
Lebanon,2009,8.560417505729818,0.7749999999999999
Lebanon,2010,2.77567425066347,0.7749999999999999
Lebanon,2011,16.466511297787694,0.7749999999999999
Lebanon,2012,8.131186319728155,0.7749999999999999
Lebanon,2013,13.766748286070184,0.8
Lebanon,2014,8.323066608602332,0.8
Lebanon,2015,14.236947769571682,0.8
Lebanon,2016,27.743952519093817,0.8
Lebanon,2017,23.518183499805197,0.8
Lebanon,2018,14.228861037377483,0.8
Lebanon,2019,20.551298836006122,0.825
Malaysia,1999,10.28776564190264,0.775
Malaysia,2000,7.1002568379943005,0.8
Malaysia,2001,9.323954069751002,0.825
Malaysia,2002,3.6780037425733307,0.825
Malaysia,2003,3.5530537116902323,0.8
Malaysia,2004,5.346588508218385,0.8
Malaysia,2005,17.589790069120678,0.825
Malaysia,2006,6.346316655984971,0.8
Malaysia,2007,10.132910329927778,0.75
Malaysia,2008,21.85363683088726,0.85
Malaysia,2009,4.827637590664252,0.8
Malaysia,2010,4.146314730633746,0.8
Malaysia,2011,13.857782677968887,0.75
Malaysia,2012,3.122959852089994,0.75
Malaysia,2013,3.8798290440015704,0.875
Malaysia,2014,5.382732200047292,0.875
Malaysia,2015,6.934680842088572,0.875
Malaysia,2016,3.7472827607473627,0.875
Malaysia,2017,2.420215154264348,0.875
Malaysia,2018,1.9231646906604938,0.875
Malaysia,2019,2.0480505420570965,0.875
Malta,1999,12.737277623508552,0.875
Malta,2000,3.1949365924714748,0.775
Malta,2001,4.989560539262865,0.675
Malta,2002,4.939703406576477,0.625
Malta,2003,4.281614077182672,0.625
Malta,2004,3.9770749169206874,0.2
Malta,2005,4.465336438531276,0.07500000000000001
Malta,2006,8.557575236740696,0.07500000000000001
Malta,2007,19.800162277748754,0.07500000000000001
Malta,2008,27.337219706202966,0.07500000000000001
Malta,2009,21.034095644489096,0.07500000000000001
Malta,2010,15.87324557011124,0.07500000000000001
Malta,2011,11.408121139992623,0.07500000000000001
Malta,2012,28.23839644521742,0.07500000000000001
Malta,2013,7.944492318471965,0.07500000000000001
Malta,2014,13.535448713345872,0.07500000000000001
Malta,2015,12.694948188906885,0.07500000000000001
Malta,2016,5.298623829155319,0.07500000000000001
Malta,2017,26.55335385517602,0.07500000000000001
Malta,2018,6.114638530623235,0.07500000000000001
Malta,2019,14.297307894201698,0.175
Mauritius,2000,10.898257850929955,0.125
Mauritius,2001,5.5825666803848915,0.125
Mauritius,2002,5.7679481586422865,0.125
Mauritius,2003,2.0822544523892255,0.125
Mauritius,2004,2.6666699394717024,0.125
Mauritius,2005,3.773283563743632,0.075
Mauritius,2006,6.588970446971502,0.125
Mauritius,2007,5.636878346354757,0.125
Mauritius,2008,7.515426378879588,0.125
Mauritius,2009,2.079230618708184,0.125
Mauritius,2010,24.774885177403263,0.125
Mauritius,2011,9.528612053134953,0.125
Mauritius,2012,30.220447784892297,0.125
Mauritius,2013,14.42323047643482,0.125
Mauritius,2014,16.636572913030985,0.125
Mauritius,2015,15.604033854058562,0.125
Mauritius,2016,5.649805144961754,0.125
Mauritius,2017,8.228146016260439,0.125
Mauritius,2018,7.141706454579445,0.125
Mauritius,2019,4.882796877089447,0.125
Mexico,1999,1.7312036311961783,0.6
Mexico,2000,1.9989635086264352,0.6499999999999999
Mexico,2001,1.2528444676795427,0.525
Mexico,2002,0.8730220816928935,0.525
Mexico,2003,2.089036658270021,0.525
Mexico,2004,2.500250689990632,0.525
Mexico,2005,0.7664118812945419,0.6000000000000001
Mexico,2006,2.0073672438039902,0.575
Mexico,2007,1.691230766149108,0.575
Mexico,2008,2.231389482273484,0.575
Mexico,2009,5.424795685682638,0.575
Mexico,2010,1.3505586312327322,0.55
Mexico,2011,2.079036425135535,0.575
Mexico,2012,4.969577550074836,0.575
Mexico,2013,2.766166025430536,0.6
Mexico,2014,2.334789297896863,0.625
Mexico,2015,1.5822340981004677,0.625
Mexico,2016,1.6686208012792723,0.625
Mexico,2017,2.3497083174997693,0.625
Mexico,2018,0.9289642422234805,0.625
Mexico,2019,2.4938522241375924,0.625
"Moldova, Republic of",1999,26.644061865363096,0.575
"Moldova, Republic of",2000,11.3048084639011,0.55
"Moldova, Republic of",2001,7.5158675457763815,0.725
"Moldova, Republic of",2002,4.194006279610453,0.8
"Moldova, Republic of",2003,9.856254696296,0.625
"Moldova, Republic of",2004,4.238864126604659,0.7
"Moldova, Republic of",2005,4.755000105485259,0.7
"Moldova, Republic of",2006,13.760528954346873,0.575
"Moldova, Republic of",2007,13.873622396586414,0.625
"Moldova, Republic of",2008,7.237726040816081,0.625
"Moldova, Republic of",2009,10.628673904782646,0.65
"Moldova, Republic of",2010,2.264869302455475,0.65
"Moldova, Republic of",2011,3.848904390855248,0.65
"Moldova, Republic of",2012,4.436610634027831,0.65
"Moldova, Republic of",2013,7.7224128504481,0.65
"Moldova, Republic of",2014,9.754069165896404,0.65
"Moldova, Republic of",2015,6.467589488203666,0.65
"Moldova, Republic of",2016,6.13408694244781,0.65
"Moldova, Republic of",2017,4.190262962979698,0.65
"Moldova, Republic of",2018,3.6078381615141217,0.65
"Moldova, Republic of",2019,5.426012806105313,0.65
Morocco,2003,4.809894942869238,0.7749999999999999
Morocco,2004,3.430509416906034,0.7749999999999999
Morocco,2005,2.5283296702999323,0.7749999999999999
Morocco,2006,3.809213967414303,0.7749999999999999
Morocco,2007,1.8129497086504243,0.7749999999999999
Morocco,2008,1.7013034019138518,0.7749999999999999
Morocco,2009,3.9169963371726424,0.7749999999999999
Morocco,2010,3.6524542652127234,0.7749999999999999
Morocco,2011,0.8006845091195315,0.7749999999999999
Morocco,2012,3.279127199737501,0.7749999999999999
Morocco,2013,5.084228955950501,0.7749999999999999
Morocco,2014,5.965006867599322,0.7749999999999999
Morocco,2015,3.2904532181441213,0.7749999999999999
Morocco,2016,2.2451731816991694,0.7749999999999999
Morocco,2017,5.671224178891096,0.7749999999999999
Morocco,2018,2.3740177099859174,0.7749999999999999
Morocco,2019,3.48434213465538,0.7749999999999999
Myanmar,2014,3.427661503099072,1
Myanmar,2015,2.044130540079965,0.9
Myanmar,2016,1.37160906171164,0.9
Myanmar,2017,2.680023120973571,0.9
Myanmar,2018,1.5337426125229892,0.9
Myanmar,2019,2.2747068180083936,0.9
"Netherlands, The",1999,3.940806752313297,0
"Netherlands, The",2000,10.1801067698974,0
"Netherlands, The",2001,4.7956000976345505,0
"Netherlands, The",2002,6.626331914421461,0
"Netherlands, The",2003,3.802876263198372,0
"Netherlands, The",2004,2.132462326553353,0
"Netherlands, The",2005,3.5288336151250745,0
"Netherlands, The",2006,5.923710238036662,0
"Netherlands, The",2007,10.076246208387955,0
"Netherlands, The",2008,2.6847890694918117,0
"Netherlands, The",2009,3.9031960978826827,0
"Netherlands, The",2010,10.65711129947062,0
"Netherlands, The",2011,8.743068054235792,0
"Netherlands, The",2012,5.465584760820138,0
"Netherlands, The",2013,2.946457374174909,0
"Netherlands, The",2014,3.575739792512963,0
"Netherlands, The",2015,14.421148410860775,0
"Netherlands, The",2016,5.237763033191062,0
"Netherlands, The",2017,6.998805695950168,0
"Netherlands, The",2018,6.021434025326499,0
"Netherlands, The",2019,4.7498281369214945,0
New Zealand,2000,1.7172815186112218,0.1
New Zealand,2001,4.759615906842442,0.1
New Zealand,2002,4.568304282152052,0.1
New Zealand,2003,3.8756235698473063,0.1
New Zealand,2004,12.056563773775943,0.1
New Zealand,2005,6.99148340201091,0.1
New Zealand,2006,6.231734629415711,0.1
New Zealand,2007,4.502424346419483,0.1
New Zealand,2008,11.132439245674021,0.1
New Zealand,2009,5.2808846573258,0.1
New Zealand,2010,8.6238403184451,0.1
New Zealand,2011,14.862808617798839,0.1
New Zealand,2012,3.7788410367936542,0.1
New Zealand,2013,4.8885869411059755,0.1
New Zealand,2014,1.4071463068432417,0.1
New Zealand,2015,3.473875117234687,0.1
New Zealand,2016,7.182614091018512,0.1
New Zealand,2017,2.108124153916267,0.1
New Zealand,2018,2.489940743688135,0.1
New Zealand,2019,3.2581177066936657,0.1
Nicaragua,1999,4.8276412625164795,0
Nicaragua,2000,4.758455572932427,0
Nicaragua,2001,16.82372581588691,0
Nicaragua,2002,15.65570188222423,0
Nicaragua,2003,11.43005550153449,0
Nicaragua,2004,33.16128876190048,0
Nicaragua,2006,30.114706718941257,0
Nicaragua,2007,36.71716873292007,0
Nicaragua,2008,14.85689070411893,0
Nicaragua,2009,16.61040948062693,0.1
Nicaragua,2010,3.5965580284699303,0.1
Nicaragua,2011,8.968337006621132,0.1
Nicaragua,2012,9.179914766562927,0.1
Nicaragua,2013,2.503050144706238,0.1
Nicaragua,2014,6.908186952304959,0.1
Nicaragua,2015,8.531425346106701,0.1
Nicaragua,2016,3.1281539113520034,0.1
Nicaragua,2017,4.417012350674373,0.1
Nicaragua,2018,6.208902291432102,0.1
Nicaragua,2019,3.942294645932277,0.1
Nigeria,2014,2.1827746624249142,0.175
Nigeria,2015,3.2544038771175403,0.2
Nigeria,2016,6.062890251055001,0.2
Nigeria,2017,2.50125094236866,0.2
Nigeria,2018,6.84198487910615,0.2
Nigeria,2019,6.515410562552409,0.25
Norway,1999,5.459453142347258,0
Norway,2000,11.290420221892644,0
Norway,2001,3.5087104909774065,0
Norway,2002,6.689491700112037,0.07500000000000001
Norway,2003,3.542821906216536,0.05
Norway,2004,2.971330872185032,0.05
Norway,2005,9.125914050301986,0.07500000000000001
Norway,2006,7.8729404180371905,0.07500000000000001
Norway,2007,10.086874955789948,0.07500000000000001
Norway,2008,7.871336960432232,0.07500000000000001
Norway,2009,6.978390920479699,0.07500000000000001
Norway,2010,8.75367418273048,0.07500000000000001
Norway,2011,7.231990030666864,0.07500000000000001
Norway,2012,6.678473582235084,0.07500000000000001
Norway,2013,4.4336583938377085,0.07500000000000001
Norway,2014,9.141469611271088,0.07500000000000001
Norway,2015,5.957271304435963,0.07500000000000001
Norway,2016,14.102330858027292,0.07500000000000001
Norway,2017,4.041265657370467,0.07500000000000001
Norway,2018,7.485739280174099,0.07500000000000001
Norway,2019,10.026652665786262,0.07500000000000001
Pakistan,1999,1.90075018016257,0.825
Pakistan,2000,0.6032125352150551,0.825
Pakistan,2001,0.9809412638512329,0.85
Pakistan,2002,2.158257893752315,0.85
Pakistan,2003,1.9008341577224528,0.875
Pakistan,2004,1.119470024826091,0.65
Pakistan,2005,0.9690768421211782,0.625
Pakistan,2006,1.1184976388179517,0.65
Pakistan,2007,1.3197900561279858,0.65
Pakistan,2008,3.400347776882969,0.675
Pakistan,2009,1.506426210409538,0.675
Pakistan,2010,3.3527932420969035,0.7
Pakistan,2011,0.8407711706882472,0.7
Pakistan,2012,0.8796353170723376,0.7
Pakistan,2013,0.732845339230896,0.7
Pakistan,2014,1.7157329836356905,0.7
Pakistan,2015,1.4866700148998466,0.7
Pakistan,2016,1.3768099736141857,0.7
Pakistan,2017,1.7457560445455302,0.7
Pakistan,2018,1.347574427368672,0.7
Pakistan,2019,2.877507913860217,0.825
Panama,1999,11.69547458094533,0
Panama,2000,14.236543052105466,0
Panama,2001,13.7567215851492,0
Panama,2002,6.066852920285638,0
Panama,2003,2.290491043047042,0
Panama,2004,6.4924015409419615,0
Panama,2005,10.81727512918682,0
Panama,2006,6.296968888577077,0
Panama,2007,7.4096192229091695,0
Panama,2008,2.835753315572707,0
Panama,2009,8.685199982994698,0
Panama,2010,2.6671065756104797,0
Panama,2011,9.699865588442895,0
Panama,2012,5.8452035742537545,0
Panama,2013,2.886676564930443,0
Panama,2014,7.616573172997784,0
Panama,2015,3.878074915997675,0
Panama,2016,2.2886531278811066,0
Panama,2017,3.946276598120275,0
Panama,2018,8.765341560893763,0
Panama,2019,8.811508857218884,0
Paraguay,2000,3.1712958354828906,0.025
Paraguay,2001,6.702481919075396,0.025
Paraguay,2002,13.778664351198426,0.025
Paraguay,2003,3.992994362782855,0
Paraguay,2004,4.675869497616842,0
Paraguay,2005,8.406195471028186,0
Paraguay,2006,2.9693966862899743,0
Paraguay,2007,1.3898872400221813,0.15
Paraguay,2008,5.546710603909914,0.15
Paraguay,2009,5.566339344954767,0.15
Paraguay,2010,2.009870045073142,0.15
Paraguay,2011,4.159681919490834,0.2
Paraguay,2012,3.258218306344275,0.2
Paraguay,2013,4.991807216255261,0.15
Paraguay,2014,7.257511406184803,0.2
Paraguay,2015,2.3665009530065775,0.2
Paraguay,2016,3.3193892296316108,0.225
Paraguay,2017,2.8476462236971827,0.225
Paraguay,2018,3.6328452543081586,0.225
Paraguay,2019,5.916304749206334,0.225
Peru,1999,2.9266904335076287,0
Peru,2000,1.6848898782840436,0
Peru,2001,1.2960390495929548,0
Peru,2002,2.9983629596323627,0
Peru,2003,4.5332539714786595,0
Peru,2004,3.3494301208104513,0
Peru,2005,3.9536636293820915,0
Peru,2006,4.296229027276497,0
Peru,2007,3.794055456576821,0
Peru,2008,12.742959009178724,0.025
Peru,2009,2.507163946599905,0.025
Peru,2010,7.827585056427518,0.05
Peru,2011,2.290002110553102,0.025
Peru,2012,3.9454564657296802,0.025
Peru,2013,4.9128303983947115,0.025
Peru,2014,2.488685593752396,0
Peru,2015,3.487595439625219,0
Peru,2016,4.550735130156238,0
Peru,2017,2.3569396410331938,0
Peru,2018,2.772269668198914,0
Peru,2019,4.769855478380339,0
Philippines,1999,7.548813630200765,0.75
Philippines,2000,5.134516255728374,0.75
Philippines,2001,4.333960845844961,0.75
Philippines,2002,8.600564949088273,0.75
Philippines,2003,5.698868514487697,0.8
Philippines,2004,4.569800394254695,0.925
Philippines,2005,6.099103773106253,0.95
Philippines,2006,5.000924657136418,0.875
Philippines,2007,4.029643990193211,0.875
Philippines,2008,4.948967412199708,0.875
Philippines,2009,2.116616223149574,0.875
Philippines,2010,4.138278635872958,0.875
Philippines,2011,3.9689723635696614,0.875
Philippines,2012,3.7131770133872135,0.875
Philippines,2013,2.974078771159838,0.875
Philippines,2014,2.544904708934104,0.875
Philippines,2015,1.313649811619125,0.875
Philippines,2016,1.680242251715835,0.875
Philippines,2017,2.72772485783919,0.975
Philippines,2018,2.182597201304562,0.975
Philippines,2019,2.2238325115704662,0.8999999999999999
"Poland, Republic of",2000,2.3002724858517323,1
"Poland, Republic of",2001,3.5042878791402523,1
"Poland, Republic of",2002,2.1556342155418537,0.75
"Poland, Republic of",2003,1.0403973988671027,0.75
"Poland, Republic of",2004,6.831501858421554,0.75
"Poland, Republic of",2005,2.2933709922870404,0.75
"Poland, Republic of",2006,1.6548336035795737,0.75
"Poland, Republic of",2007,3.3287080988614832,0.575
"Poland, Republic of",2008,4.770996245492855,0.55
"Poland, Republic of",2009,4.567186248557106,0.65
"Poland, Republic of",2010,5.440041223281019,0.625
"Poland, Republic of",2011,6.453980025250991,0.6000000000000001
"Poland, Republic of",2012,2.673885460679154,0.65
"Poland, Republic of",2013,3.4147150855362085,0.6
"Poland, Republic of",2014,2.5207054219231666,0.6
"Poland, Republic of",2015,4.948031277652827,0.6
"Poland, Republic of",2016,2.975970255071873,0.6
"Poland, Republic of",2017,1.130213396822617,0.6
"Poland, Republic of",2018,4.722383898389405,0.6
"Poland, Republic of",2019,1.5886576269577048,0.65
Portugal,1999,0.8749060387575811,0.05
Portugal,2000,3.88219580688504,0
Portugal,2001,1.3747992627244017,0.07500000000000001
Portugal,2002,2.3468988267613664,0.07500000000000001
Portugal,2003,1.9876255930449036,0.07500000000000001
Portugal,2004,1.7097298286805038,0.15
Portugal,2005,3.146470794295371,0.4
Portugal,2006,1.5471257435709007,0.2
Portugal,2007,2.4013040838256474,0.25
Portugal,2008,2.7199205445868637,0.25
Portugal,2009,2.330241389518142,0.25
Portugal,2010,1.550535521234369,0.25
Portugal,2011,3.459248906403194,0.2
Portugal,2012,4.927061623592243,0.2
Portugal,2013,2.8268129564282254,0.25
Portugal,2014,1.110910775854678,0.25
Portugal,2015,1.7593765389891978,0.25
Portugal,2016,0.7191029914360378,0.25
Portugal,2017,3.635290683314685,0.25
Portugal,2018,2.492742489817353,0.25
Portugal,2019,6.164714814491253,0.25
Qatar,2011,6.381057118317506,0.15
Qatar,2012,9.34504544650475,0.15
Qatar,2013,5.720476002926222,0.15
Qatar,2014,6.418837889625743,0.2
Qatar,2015,7.430639906408744,0.2
Qatar,2016,6.2754520359189065,0.2
Qatar,2017,15.739885323802238,0.2
Qatar,2018,7.021800324696056,0.2
Qatar,2019,3.348591832037875,0.2
Romania,1999,4.843835926216348,0.825
Romania,2000,6.148197068741246,0.825
Romania,2001,4.3794703932451196,0.8500000000000001
Romania,2002,3.399783670519853,0.55
Romania,2003,3.5504140234693584,0.325
Romania,2004,2.2344607254463122,0.275
Romania,2005,5.46798318491023,0.275
Romania,2006,7.668385597939301,0.275
Romania,2007,4.525099057046208,0.05
Romania,2008,3.7386859372514523,0.05
Romania,2009,6.227448381008033,0.05
Romania,2010,5.296369415601303,0.05
Romania,2011,5.604700937070157,0.05
Romania,2012,3.7856936529951986,0.05
Romania,2013,2.063282552513133,0.05
Romania,2014,1.8453293896444911,0.05
Romania,2015,6.919622978434695,0.05
Romania,2016,2.074580216733269,0.05
Romania,2017,4.029529823244089,0.05
Romania,2018,4.446692266649496,0.05
Romania,2019,5.630558510035479,0.05
Russian Federation,1999,2.586822283274817,0.9
Russian Federation,2000,6.466588583503173,0.9
Russian Federation,2001,8.360065220276097,0.75
Russian Federation,2002,3.9341740062130994,0.7749999999999999
Russian Federation,2003,5.082765633108252,0.7749999999999999
Russian Federation,2004,5.998304294100498,0.6
Russian Federation,2005,1.278028809192161,0.6499999999999999
Russian Federation,2006,5.284202757334962,0.675
Russian Federation,2007,6.848734154444797,0.675
Russian Federation,2008,15.389831770604406,0.5
Russian Federation,2009,6.009516359561398,0.2
Russian Federation,2010,2.953894598218073,0.425
Russian Federation,2011,1.901816679469101,0.425
Russian Federation,2012,2.21301059312727,0.4
Russian Federation,2013,1.1833629958636132,0.4
Russian Federation,2014,3.938873475664512,0.4
Russian Federation,2015,4.633459943845051,0.4
Russian Federation,2016,1.5639045353487826,0.4
Russian Federation,2017,2.942141612278026,0.425
Russian Federation,2018,2.369973025898829,0.575
Russian Federation,2019,2.106200005806466,0.55
Saudi Arabia,2006,4.905095582573733,0.625
Saudi Arabia,2007,4.187742751639684,0.625
Saudi Arabia,2008,7.548136424299341,0.625
Saudi Arabia,2009,5.0033688056590435,0.6000000000000001
Saudi Arabia,2010,5.020220791983179,0.675
Saudi Arabia,2011,3.208309599121811,0.7
Saudi Arabia,2012,3.7217787141060246,0.7
Saudi Arabia,2013,1.5884384018803468,0.725
Saudi Arabia,2014,1.747980488736047,0.725
Saudi Arabia,2015,3.927872093044347,0.825
Saudi Arabia,2016,2.146599896274319,0.825
Saudi Arabia,2017,9.175118158187551,0.875
Saudi Arabia,2018,3.891145585146227,0.875
Saudi Arabia,2019,2.337479905517999,0.875
Singapore,1999,5.573146993318946,0.2
Singapore,2000,6.65942630753346,0.225
Singapore,2001,13.597714353393453,0.175
Singapore,2002,5.536467276535363,0.175
Singapore,2003,2.6809925665228307,0.175
Singapore,2004,13.210104721189486,0.125
Singapore,2005,9.332621690519886,0.125
Singapore,2006,2.84919843355424,0.125
Singapore,2007,11.353849205249775,0.125
Singapore,2008,9.465670288382887,0.125
Singapore,2009,11.348645214405636,0.125
Singapore,2010,11.98366451428937,0.125
Singapore,2011,4.413577565476521,0.125
Singapore,2012,6.190738434056283,0.125
Singapore,2013,6.12537297764835,0.125
Singapore,2014,5.886944273206796,0.125
Singapore,2015,7.5243012197387085,0.125
Singapore,2016,6.056056743567331,0.125
Singapore,2017,7.842407031143943,0.125
Singapore,2018,4.69723613519499,0.125
Singapore,2019,14.289147996040125,0.125
"Slovenia, Republic of",1999,5.0977056476710105,0.55
"Slovenia, Republic of",2000,3.2324694038402613,0.5
"Slovenia, Republic of",2001,7.984838582236135,0.275
"Slovenia, Republic of",2002,6.101731031818972,0.225
"Slovenia, Republic of",2003,2.7009123888101203,0.175
"Slovenia, Republic of",2004,3.884904084910509,0.1
"Slovenia, Republic of",2005,1.9462237646333376,0.1
"Slovenia, Republic of",2006,2.1497257948979147,0.1
"Slovenia, Republic of",2007,3.8657713989693097,0.3
"Slovenia, Republic of",2008,1.8608953529799561,0.3
"Slovenia, Republic of",2009,3.4254157412150215,0.3
"Slovenia, Republic of",2010,3.4086750777154653,0.3
"Slovenia, Republic of",2011,1.33442404075063,0.35
"Slovenia, Republic of",2012,1.1785866663396851,0.35
"Slovenia, Republic of",2013,2.9380182916705557,0.35
"Slovenia, Republic of",2014,2.7888273712337153,0.35
"Slovenia, Republic of",2015,2.1393588011153106,0.425
"Slovenia, Republic of",2016,2.959437156172744,0.375
"Slovenia, Republic of",2017,3.261788271654862,0.375
"Slovenia, Republic of",2018,2.797257359375952,0.375
"Slovenia, Republic of",2019,2.0841950931267528,0.275
South Africa,1999,3.7763915179215743,0.625
South Africa,2000,3.1779763711780724,0.625
South Africa,2001,2.4466827207352715,0.625
South Africa,2002,1.2786601029781335,0.625
South Africa,2003,2.536520830283169,0.625
South Africa,2004,2.387017395829915,0.625
South Africa,2005,3.481865947299251,0.6
South Africa,2006,2.309349631268882,0.625
South Africa,2007,1.3058426313590343,0.625
South Africa,2008,4.57297583150265,0.575
South Africa,2009,4.086922692928156,0.575
South Africa,2010,2.8663600562930847,0.575
South Africa,2011,1.8867390430404658,0.625
South Africa,2012,2.661269627090516,0.7
South Africa,2013,2.6304511231099768,0.7
South Africa,2014,2.841595702530223,0.7
South Africa,2015,2.6049654654146432,0.7
South Africa,2016,1.1986461885236281,0.7
South Africa,2017,1.7516323929748623,0.75
South Africa,2018,2.1109067281846285,0.75
South Africa,2019,5.224195456732095,0.75
Spain,1999,3.121638212407733,0
Spain,2000,1.5482180958286647,0
Spain,2001,1.3899454930437374,0
Spain,2002,0.6418903741962666,0
Spain,2003,1.6205865044790735,0
Spain,2004,0.6191105669697947,0
Spain,2005,0.9225714682618278,0.05
Spain,2006,0.8440737977700601,0.05
Spain,2007,1.245558465233728,0.05
Spain,2008,3.867604430105442,0
Spain,2009,1.7464163833856174,0
Spain,2010,1.5001729287517998,0
Spain,2011,0.9092380650718774,0
Spain,2012,3.6144823111250246,0
Spain,2013,5.187974083724788,0
Spain,2014,1.720982010704799,0
Spain,2015,3.5738681083361925,0
Spain,2016,1.4409273911648508,0
Spain,2017,1.8215660446548194,0
Spain,2018,2.3616929632582466,0
Spain,2019,2.354451619897886,0.15
Sri Lanka,1999,3.2051958472493163,1
Sri Lanka,2000,2.1363697330809366,1
Sri Lanka,2001,4.350572340034994,1
Sri Lanka,2002,2.238554656375258,1
Sri Lanka,2003,2.514902720699467,1
Sri Lanka,2004,4.430574909534167,1
Sri Lanka,2005,2.8428951184099818,1
Sri Lanka,2006,3.936151195066937,1
Sri Lanka,2007,5.1690864111297765,1
Sri Lanka,2008,3.345888899208231,1
Sri Lanka,2009,11.429534399811887,1
Sri Lanka,2010,2.774625460517307,1
Sri Lanka,2011,3.1221792584093637,1
Sri Lanka,2012,1.7917726971786931,1
Sri Lanka,2013,1.356017336794845,1
Sri Lanka,2014,2.1427364698735296,1
Sri Lanka,2015,4.9660319416711465,1
Sri Lanka,2016,4.354430060872889,0.95
Sri Lanka,2017,5.956699373823933,0.95
Sri Lanka,2018,6.894056378681326,0.95
Sri Lanka,2019,2.9714452151646595,0.95
Sweden,1999,5.998380833704339,0.05
Sweden,2000,6.314992148023503,0.05
Sweden,2001,1.7989884871470203,0.05
Sweden,2002,3.0116846569644675,0.05
Sweden,2003,3.3536551302838653,0.1
Sweden,2004,4.963942341682511,0.1
Sweden,2005,2.397020133853631,0.075
Sweden,2006,6.208902326600058,0.225
Sweden,2007,7.635721323724778,0.225
Sweden,2008,8.92848099064493,0.05
Sweden,2009,4.181271574591474,0.05
Sweden,2010,7.197409546586051,0.05
Sweden,2011,5.825610134702764,0.05
Sweden,2012,7.484372120762541,0.025
Sweden,2013,7.299986902292298,0
Sweden,2014,9.262733225417051,0
Sweden,2015,3.9184635470602656,0
Sweden,2016,3.3784567683725126,0.2
Sweden,2017,12.174156741060031,0.2
Sweden,2018,8.641243327127917,0.2
Sweden,2019,3.908166342692325,0.2
Switzerland,1999,5.7016605264355205,0.05
Switzerland,2000,10.81203780873605,0.05
Switzerland,2001,7.545751251473546,0.05
Switzerland,2002,10.074422313749524,0.05
Switzerland,2003,8.972781834045694,0.05
Switzerland,2004,7.184356195645685,0.05
Switzerland,2005,7.820664584335215,0.275
Switzerland,2006,6.473748118481112,0.275
Switzerland,2007,7.444413329841564,0.275
Switzerland,2008,14.591519569913185,0.275
Switzerland,2009,13.064844143898297,0.2
Switzerland,2010,30.4064280845423,0.2
Switzerland,2011,26.154164764073034,0.2
Switzerland,2012,35.18835520822936,0.2
Switzerland,2013,9.91517326182265,0.325
Switzerland,2014,17.84652003863467,0.35000000000000003
Switzerland,2015,19.344353667862325,0.35000000000000003
Switzerland,2016,12.472315059220904,0.35000000000000003
Switzerland,2017,7.017125785481162,0.35000000000000003
Switzerland,2018,9.89375734650496,0.35000000000000003
Switzerland,2019,11.001359124965875,0.325
"Tanzania, United Republic of",2012,3.197484073847728,1
"Tanzania, United Republic of",2013,2.1892980135992888,1
"Tanzania, United Republic of",2014,2.1931878623992325,1
"Tanzania, United Republic of",2015,3.167857394590968,1
"Tanzania, United Republic of",2016,0.9692063398616586,0.8
"Tanzania, United Republic of",2017,2.070901469496209,0.8
"Tanzania, United Republic of",2018,2.9361736054537317,0.8
"Tanzania, United Republic of",2019,3.365221997889162,0.8
Thailand,1999,5.3328040391137606,0.65
Thailand,2000,3.243104042985768,0.7
Thailand,2001,2.277124715761268,0.75
Thailand,2002,3.8025410522719754,0.75
Thailand,2003,4.224828902599064,0.75
Thailand,2004,2.481270864041013,0.775
Thailand,2005,4.493131134560431,0.825
Thailand,2006,1.8843116478161313,0.825
Thailand,2007,2.4291700993645002,0.825
Thailand,2008,10.344842902584201,0.775
Thailand,2009,4.383920251290934,0.775
Thailand,2010,2.749979895265045,0.75
Thailand,2011,9.27437100849437,0.75
Thailand,2012,2.1107659482215997,0.825
Thailand,2013,5.026220143339329,0.725
Thailand,2014,3.6564138371337505,0.725
Thailand,2015,4.3211464376670525,0.725
Thailand,2016,5.542554799302541,0.725
Thailand,2017,3.902264750929039,0.725
Thailand,2018,2.8944241801256614,0.725
Thailand,2019,1.9974082154590351,0.725
Tunisia,2018,4.851433037568011,0.975
Tunisia,2019,6.213242556295891,0.9
"Trkiye, Republic of",1999,2.2495260317613845,0.32499999999999996
"Trkiye, Republic of",2000,2.007170370541252,0.3
"Trkiye, Republic of",2001,4.053988700402892,0.3
"Trkiye, Republic of",2002,2.2419671490951094,0.3
"Trkiye, Republic of",2003,3.0054773054862585,0.225
"Trkiye, Republic of",2004,1.8422321348370128,0.225
"Trkiye, Republic of",2005,4.1280885743268945,0.375
"Trkiye, Republic of",2006,3.3530269055691604,0.35
"Trkiye, Republic of",2007,1.5561980291360413,0.35
"Trkiye, Republic of",2008,5.553340125702594,0.35
"Trkiye, Republic of",2009,3.1327278179637332,0.475
"Trkiye, Republic of",2010,2.3854943820416983,0.475
"Trkiye, Republic of",2011,4.539919206298489,0.575
"Trkiye, Republic of",2012,2.2517634186859206,0.575
"Trkiye, Republic of",2013,2.0203700781978755,0.675
"Trkiye, Republic of",2014,3.274274860223292,0.7
"Trkiye, Republic of",2015,2.0373785108965565,0.7
"Trkiye, Republic of",2016,5.326993606230685,0.7
"Trkiye, Republic of",2017,2.144171573464384,0.7
"Trkiye, Republic of",2018,6.264847530921091,0.7
"Trkiye, Republic of",2019,2.13404388944639,0.7
Uganda,2002,0.657615675989517,0.05
Uganda,2003,3.419535717446435,0.05
Uganda,2004,1.4732064911596074,0.05
Uganda,2005,1.6528614429985342,0.05
Uganda,2006,48.865716647326096,0.07500000000000001
Uganda,2007,3.129067923109848,0.07500000000000001
Uganda,2008,3.5972465238296083,0.07500000000000001
Uganda,2009,2.735664241121995,0.07500000000000001
Uganda,2010,1.9588598650087905,0.07500000000000001
Uganda,2011,3.919886339646159,0.05
Uganda,2012,1.1805472253317668,0.05
Uganda,2013,1.2467272870503057,0.05
Uganda,2014,1.499398135425667,0.05
Uganda,2015,3.698080867117465,0.05
Uganda,2016,1.5883482124000177,0.05
Uganda,2017,2.3144410613714985,0.05
Uganda,2018,3.178184314676467,0.05
Uganda,2019,1.7396408640168557,0.05
Ukraine,1999,7.892882917531706,0.825
Ukraine,2000,6.637220540534674,0.8
Ukraine,2001,3.2436832766027157,0.775
Ukraine,2002,2.414658845021344,0.775
Ukraine,2003,8.145897966240488,0.775
Ukraine,2004,12.395539958015044,0.775
Ukraine,2005,10.695559164315862,0.825
Ukraine,2006,8.210149512191284,0.7749999999999999
Ukraine,2007,3.0570934428586845,0.75
Ukraine,2008,7.8588153174568145,0.75
Ukraine,2009,9.778359714086095,0.75
Ukraine,2010,5.425871717445888,0.75
Ukraine,2011,1.5839510455146182,0.75
Ukraine,2012,3.6021729112101633,0.75
Ukraine,2013,3.8405030474688346,0.75
Ukraine,2014,12.58531804060153,0.7749999999999999
Ukraine,2015,12.982370870020334,0.825
Ukraine,2016,7.676647506554846,0.825
Ukraine,2017,4.535137703982459,0.825
Ukraine,2018,9.292418664761154,0.75
Ukraine,2019,4.241251863632753,0.75
United Kingdom,1999,2.562610163356817,0
United Kingdom,2000,4.929064864417267,0
United Kingdom,2001,1.8844037399880296,0
United Kingdom,2002,2.149218746233133,0
United Kingdom,2003,3.303937701633219,0
United Kingdom,2004,3.039459273765731,0
United Kingdom,2005,4.037702785838451,0
United Kingdom,2006,5.164902706967939,0
United Kingdom,2007,2.8608975116885316,0
United Kingdom,2008,10.949812945206268,0
United Kingdom,2009,4.772806343946529,0
United Kingdom,2010,4.575334949454427,0
United Kingdom,2011,5.373451724315286,0
United Kingdom,2012,5.525842538614881,0
United Kingdom,2013,9.731866207812606,0.05
United Kingdom,2014,9.571055460272346,0.05
United Kingdom,2015,11.670887545630062,0.05
United Kingdom,2016,6.609412357129019,0.05
United Kingdom,2017,3.010714615848543,0.05
United Kingdom,2018,1.0135897296307652,0.125
United Kingdom,2019,2.658749667947882,0.125
United States,1999,1.9623639390487169,0.125
United States,2000,2.3174203391615897,0.125
United States,2001,1.0420169733046403,0.125
United States,2002,1.6087777695587033,0.125
United States,2003,1.9115065356499346,0.125
United States,2004,1.2465787235670136,0.125
United States,2005,3.1160085734216993,0.15000000000000002
United States,2006,1.0211639014572977,0.15000000000000002
United States,2007,1.8264685510529175,0.15000000000000002
United States,2008,0.8836014627940543,0.15000000000000002
United States,2009,2.024875442903169,0.15000000000000002
United States,2010,2.6373499041531794,0.15000000000000002
United States,2011,2.0659214263364793,0.15000000000000002
United States,2012,2.8991343408428976,0.15000000000000002
United States,2013,2.049181309113132,0.15000000000000002
United States,2014,0.8390243495806495,0.15000000000000002
United States,2015,0.7938171011777128,0.125
United States,2016,1.7360211502324598,0.125
United States,2017,0.6290763879111528,0.125
United States,2018,2.0050749601905036,0.125
United States,2019,1.3303981690813103,0.125
Uruguay,2000,3.664744777792023,0
Uruguay,2001,0.8542437373614518,0
Uruguay,2002,15.202459047113601,0
Uruguay,2003,12.1262444077759,0
Uruguay,2004,5.542494287214427,0
Uruguay,2005,6.563209108265513,0
Uruguay,2006,5.2022807499202255,0
Uruguay,2007,7.871780390816137,0
Uruguay,2008,8.760106885405479,0
Uruguay,2009,9.025004713154953,0
Uruguay,2010,11.762401081435153,0
Uruguay,2011,5.565914100935102,0
Uruguay,2012,4.658945736520401,0.025
Uruguay,2013,7.0291339582838965,0.025
Uruguay,2014,8.08038185121234,0.025
Uruguay,2015,7.004169264914093,0
Uruguay,2016,7.1812123986572205,0
Uruguay,2017,9.049319485237422,0
Uruguay,2018,7.886930312081523,0
Uruguay,2019,5.950283845546575,0
"Uzbekistan, Republic of",2005,2.929595283493001,0.90625
"Uzbekistan, Republic of",2006,2.8522228252377784,0.90625
"Uzbekistan, Republic of",2007,2.5884513532205036,0.9166666666666669
"Uzbekistan, Republic of",2008,6.057991253227033,0.9722222222222222
"Uzbekistan, Republic of",2009,1.1299204297877623,0.9722222222222222
"Uzbekistan, Republic of",2010,2.200581846777337,0.925
"Uzbekistan, Republic of",2011,2.3981599300719028,0.9166666666666669
"Uzbekistan, Republic of",2012,1.361684054684287,0.9166666666666669
"Uzbekistan, Republic of",2013,2.6865638093198374,0.9444444444444444
"Uzbekistan, Republic of",2014,4.358343041997426,0.9444444444444444
"Uzbekistan, Republic of",2015,2.9371052400374573,0.8500000000000001
"Uzbekistan, Republic of",2016,4.038986387207045,0.8500000000000001
"Uzbekistan, Republic of",2017,1.7728939418725136,0.8500000000000001
"Uzbekistan, Republic of",2018,1.4624468434018685,0.9
"Uzbekistan, Republic of",2019,5.112640049748894,0.9
"Venezuela, Repblica Bolivariana de",1999,3.953919236251911,0.175
"Venezuela, Repblica Bolivariana de",2000,1.7843209781930605,0.175
"Venezuela, Repblica Bolivariana de",2001,3.609821572380062,0.175
"Venezuela, Repblica Bolivariana de",2002,2.2257870603628764,0.325
"Venezuela, Repblica Bolivariana de",2003,6.059331625114696,0.175
"Venezuela, Repblica Bolivariana de",2004,5.741613452717955,0.175
"Venezuela, Repblica Bolivariana de",2005,6.356517425239314,0.175
"Venezuela, Repblica Bolivariana de",2006,7.640841216981062,0.2
"Venezuela, Repblica Bolivariana de",2007,10.227824379491777,0.35
"Venezuela, Repblica Bolivariana de",2008,15.566809038970979,0.61875
"Venezuela, Repblica Bolivariana de",2009,8.2456689679039,0.61875
"Venezuela, Repblica Bolivariana de",2010,4.389144956288331,0.61875
"Venezuela, Repblica Bolivariana de",2011,3.627810095553952,0.61875
"Venezuela, Repblica Bolivariana de",2012,5.135058167637385,0.61875
"Venezuela, Repblica Bolivariana de",2013,3.622377766724617,0.61875
"Venezuela, Repblica Bolivariana de",2014,8.565555164761053,0.69375
"Venezuela, Repblica Bolivariana de",2015,16.105944624552233,0.675
"Venezuela, Repblica Bolivariana de",2016,5.106606725583739,0.675
Vietnam,1999,1.384670279972041,0.9444444444444444
Vietnam,2000,1.7541039720478073,0.95
Vietnam,2001,2.679958270307334,0.95
Vietnam,2002,4.251356803214078,0.95
Vietnam,2005,1.7420841347519687,0.925
Vietnam,2006,1.5670615691621246,0.925
Vietnam,2007,3.3105117681835887,0.925
Vietnam,2008,8.303191551383804,0.95
Vietnam,2009,5.430465920837249,0.9
Vietnam,2010,2.855810322034971,0.9
Vietnam,2011,5.538955926883536,0.925
Vietnam,2012,1.631771772445764,0.875
Vietnam,2013,3.3408692803162596,0.875
Vietnam,2014,6.412604783981381,0.875
Vietnam,2015,6.482204794975082,0.875
Vietnam,2016,1.218134057588583,0.875
Vietnam,2017,5.781161974527546,0.875
Vietnam,2018,3.4984550687860025,0.875
Vietnam,2019,4.583200140909233,0.875
"Yemen, Republic of",2005,4.949070351247879,0.05
"Yemen, Republic of",2006,6.3357145462822055,0.05555555555555555
"Yemen, Republic of",2007,3.640207927780884,0.05555555555555555
"Yemen, Republic of",2008,4.065240758725916,0.05555555555555555
"Yemen, Republic of",2009,1.8693055466181197,0.1
"Yemen, Republic of",2010,5.153832757572344,0.1
"Yemen, Republic of",2011,1.7307196298977439,0.1
"Yemen, Republic of",2012,8.085177312186339,0.1
"Yemen, Republic of",2013,1.2081852444315304,0.1
"Yemen, Republic of",2014,2.1262172914218884,0.1
"Yemen, Republic of",2015,0.937616142813861,0.1
"Yemen, Republic of",2016,0.7607680996931601,0.1
Zambia,2005,40.356390638386806,0
Zambia,2006,29.825200996268233,0
Zambia,2007,3.006351920036027,0
Zambia,2008,4.151595988750154,0
Zambia,2009,6.48307181298889,0
Zambia,2010,2.7147059652179695,0
Zambia,2011,6.669889225488292,0
Zambia,2012,4.723544469590228,0
Zambia,2013,4.582284411636637,0
Zambia,2014,5.948532915364107,0
Zambia,2015,13.190177027106724,0
Zambia,2016,7.883207118449747,0
Zambia,2017,3.0402325454163934,0
Zambia,2018,4.477815946591682,0
Zambia,2019,2.418773517386307,0
