COUNTRY,YEAR,QUARTER,UNIT,"Gross domestic product (GDP), Current prices, US dollar","Assets - Direct investment, Total financial assets/liabilities_PGDP","Assets - Other investment, Debt instruments_PGDP","Assets - Other investment, Debt instruments, Deposit taking corporations, except the Central Bank_PGDP","Assets - Portfolio investment, Debt securities_PGDP","Assets - Portfolio investment, Equity and investment fund shares_PGDP","Assets - Portfolio investment, Total financial assets/liabilities_PGDP","Liabilities - Direct investment, Total financial assets/liabilities_PGDP","Liabilities - Other investment, Debt instruments, Deposit taking corporations, except the Central Bank_PGDP","Liabilities - Portfolio investment, Debt securities_PGDP","Liabilities - Portfolio investment, Equity and investment fund shares_PGDP","Liabilities - Portfolio investment, Total financial assets/liabilities_PGDP","Net (net acquisition of financial assets less net incurrence of liabilities) - Direct investment, Total financial assets/liabilities_PGDP","Net (net acquisition of financial assets less net incurrence of liabilities) - Portfolio investment, Total financial assets/liabilities_PGDP",EURO_PERIOD
"Estonia, Republic of",2005,1,% of GDP (annualized),14129000000,4.417703054116399e-06,2.7965174039209115e-05,2.4961878433511488e-05,5.501710862353367e-06,3.2705109551390476e-06,8.772221817492412e-06,3.613606851157062e-05,1.4686078388306286e-05,1.8546928116273558e-05,-2.357174979011281e-05,-5.024821673839253e-06,-3.1718365457454226e-05,1.3797043491331666e-05,Pre-Euro
"Estonia, Republic of",2005,2,% of GDP (annualized),14129000000,8.859894858910153e-06,-1.272116895637482e-05,-1.712437626050119e-05,3.044808937428279e-06,2.8922832625533585e-06,5.937092199981638e-06,3.90120601795553e-05,5.668906569684988e-07,-1.9078188084518405e-05,-2.1688059970100225e-05,-4.0766248054618644e-05,-3.015216532064514e-05,4.670334025460026e-05,Pre-Euro
"Estonia, Republic of",2005,3,% of GDP (annualized),14129000000,5.55349510677582e-06,4.45177561730972e-06,-3.2637144750641486e-06,6.9315078851362395e-06,3.2794977291922373e-06,1.0211005614328476e-05,1.1625040130228492e-05,1.848056736091879e-05,-3.429490448400742e-06,1.204984106190351e-06,-2.22450634221039e-06,-6.071545023452669e-06,1.2435511956538866e-05,Pre-Euro
"Estonia, Republic of",2005,4,% of GDP (annualized),14129000000,5.100425560903105e-06,6.913835440406254e-06,2.4620655840823826e-05,-1.8268674667350827e-06,1.6646362526541152e-06,-1.6223121408096814e-07,-2.1195699890296543e-07,2.370890430586028e-05,3.4182271569113172e-06,5.977658384616743e-06,9.39588554152806e-06,5.3123825598060705e-06,-9.558116755609028e-06,Pre-Euro
"Estonia, Republic of",2006,1,% of GDP (annualized),17049000000,4.558435770200681e-06,8.532962998055109e-06,7.142301590438197e-06,7.901100614066896e-06,2.230361382909823e-06,1.0131461996976718e-05,9.692317640104911e-06,3.488500938742066e-05,-1.1460968152429063e-05,-8.657360904902787e-07,-1.232670424291934e-05,-5.133881869904231e-06,2.245816623989606e-05,Pre-Euro
"Estonia, Republic of",2006,2,% of GDP (annualized),17049000000,9.735907613538995e-06,-3.2885994789212976e-06,-7.719647789388865e-06,1.293004103920582e-06,2.0510941812877177e-06,3.3440982852083014e-06,7.4392016937896515e-06,8.856192492606727e-06,2.42069261464584e-07,1.161223959630594e-06,1.403293221095178e-06,2.2967059197493446e-06,1.940805064113122e-06,Pre-Euro
"Estonia, Republic of",2006,3,% of GDP (annualized),17049000000,1.0188993873766377e-05,-1.4482243639825215e-05,-1.638072107815903e-05,1.3241506416347207e-05,1.3486066187143596e-06,1.459011303506157e-05,1.0996220501089417e-05,-9.187434910235938e-06,-2.989728249344595e-09,1.871181219417301e-06,1.8681914911679568e-06,-8.072266273230404e-07,1.2721921543893611e-05,Pre-Euro
"Estonia, Republic of",2006,4,% of GDP (annualized),17049000000,9.445431321671703e-06,9.832440031394487e-06,5.043207248575035e-06,-2.551838679734607e-06,3.134105377534715e-06,5.822666978001077e-07,1.3122014064038151e-05,2.3337411307725516e-05,2.3704283470520525e-06,5.6715219358210615e-06,8.041950282873114e-06,-3.67658274236645e-06,-7.459683585073006e-06,Pre-Euro
"Estonia, Republic of",2007,1,% of GDP (annualized),22478000000,6.883334011311055e-06,7.081945094926146e-06,4.794559249599605e-07,2.418502744350029e-06,3.2876244730959144e-06,5.706127217445943e-06,1.0973052470749172e-05,1.784395579775224e-05,-1.231407376101076e-06,4.758526590583012e-06,3.527119214481936e-06,-4.089718459438115e-06,2.1790080029640076e-06,Pre-Euro
"Estonia, Republic of",2007,2,% of GDP (annualized),22478000000,1.4868750057547092e-05,1.2744163099116087e-05,1.4824127973731808e-05,-8.0367731602799e-07,4.444359548002428e-06,3.640682231974437e-06,1.0335050380443525e-05,2.8505018967821887e-05,-1.6457392202841825e-06,1.7989417080499956e-06,1.5320248776581328e-07,4.5336996771035675e-06,3.487479744208624e-06,Pre-Euro
"Estonia, Republic of",2007,3,% of GDP (annualized),22478000000,1.043653046479612e-05,4.2795410062487517e-07,-2.7722282342392293e-06,1.5328604461113775e-06,3.855620748903116e-06,5.388481195014494e-06,1.4519391051763114e-05,2.2928218513992668e-05,8.850007679303329e-07,1.4328944753912912e-06,2.317895243321625e-06,-4.082860586966995e-06,3.070585951692869e-06,Pre-Euro
"Estonia, Republic of",2007,4,% of GDP (annualized),22478000000,1.0296290332825424e-05,1.7345709086050796e-05,1.6750231900024463e-05,-1.7065190352789388e-06,3.773417770153037e-07,-1.3291772582636348e-06,1.8147876145564534e-05,1.847794064296199e-05,1.1316644357816528e-06,-2.1534620418297874e-06,-1.0217976060481353e-06,-7.85158581273912e-06,-3.0737965221549937e-07,Pre-Euro
"Estonia, Republic of",2008,1,% of GDP (annualized),24434000000,8.48913146213527e-06,3.7618684876970646e-06,2.4372061337058773e-07,-6.86467877917361e-08,-2.3892759658013017e-06,-2.4579227535930375e-06,1.597508818753402e-05,6.505459945343427e-06,1.6867496428826587e-06,-1.5003245806082436e-06,1.8642506227441484e-07,-7.485956725398747e-06,-2.6443478158674517e-06,Pre-Euro
"Estonia, Republic of",2008,2,% of GDP (annualized),24434000000,6.438202891053447e-06,-1.3667984750757134e-06,-3.7707924997953635e-06,-3.5446124662355717e-06,-1.463111682491609e-06,-5.00772414872718e-06,6.518915711713183e-06,4.347290726446751e-06,-1.025533621183596e-06,-5.78493030203814e-08,-1.0833829242039776e-06,-8.071282065973639e-08,-3.924341224523203e-06,Pre-Euro
"Estonia, Republic of",2008,3,% of GDP (annualized),24434000000,5.6955322713505495e-06,-1.8766156350688354e-06,7.769154728507823e-07,2.3504815942017778e-06,1.4339416014941666e-07,2.493875754351194e-06,7.4629022524498815e-06,3.245832759120989e-07,1.5275666545126863e-07,-5.454891246921108e-07,-3.927324592408423e-07,-1.7673699810993303e-06,2.886608213592037e-06,Pre-Euro
"Estonia, Republic of",2008,4,% of GDP (annualized),24434000000,4.926163554882542e-07,6.748188168944914e-06,5.252992240627814e-06,-8.045578090468202e-06,-2.2855785032383155e-06,-1.0331156593706516e-05,2.412163128222968e-06,1.0337348819268235e-05,7.767251575673244e-08,-2.169673849170214e-06,-2.0920013334134814e-06,-1.919546772734714e-06,-8.239155260293036e-06,Pre-Euro
"Estonia, Republic of",2009,1,% of GDP (annualized),19694000000,4.726444338828457e-06,-1.3723312058817186e-05,-1.2014100100554197e-05,-1.0299040023470067e-07,-2.847848631361379e-07,-3.8777526337083856e-07,4.99868617788668e-06,-1.6079707012594066e-05,-1.885634619713335e-06,-6.444574016741779e-07,-2.530092021387513e-06,-2.722418390582222e-07,2.1423167580166754e-06,Pre-Euro
"Estonia, Republic of",2009,2,% of GDP (annualized),19694000000,2.2150466771932834e-06,-1.609991346809387e-05,-1.6216560447557075e-05,8.695474418047618e-06,5.189170873722724e-07,9.214363818028611e-06,1.0188959991089328e-06,-5.7305147480319045e-06,-6.364223759651611e-07,3.164668823319322e-08,-6.04775687731968e-07,1.1961506780843512e-06,9.819139505760578e-06,Pre-Euro
"Estonia, Republic of",2009,3,% of GDP (annualized),19694000000,9.456626922920385e-06,-1.3493987231920688e-07,6.905319192739596e-08,2.505959798923451e-06,1.5844758915035915e-06,4.090435690427042e-06,5.586423562321526e-06,-8.251754758347919e-06,-4.957769345531938e-07,4.886885968038102e-07,-7.088337749383528e-09,3.870203360598858e-06,4.097524028176425e-06,Pre-Euro
"Estonia, Republic of",2009,4,% of GDP (annualized),19694000000,1.1285109254954834e-05,7.555835766207713e-06,4.942696724219092e-06,1.006958474974823e-06,-2.018719852200234e-07,8.051165078938657e-07,2.630189344978209e-05,1.5565605831374116e-05,-2.3896569984548593e-05,-1.9095138622774916e-06,-2.580608384682608e-05,-1.5016784194827247e-05,2.6611200354719933e-05,Pre-Euro
"Estonia, Republic of",2010,1,% of GDP (annualized),19569000000,4.747976848513927e-06,5.505625812124152e-07,-3.4598633678306305e-06,-2.580608395883608e-06,1.8935146616570749e-06,-6.870937342265328e-07,1.0393101882195983e-05,-1.6129615159707157e-05,-2.715358707771455e-07,3.986822737290088e-07,1.2714640295186343e-07,-5.645125033682056e-06,-8.142401371783962e-07,Pre-Euro
"Estonia, Republic of",2010,2,% of GDP (annualized),19569000000,4.09965024811678e-06,-5.3463873648555216e-06,-8.009554785208588e-06,4.5045449973922405e-07,4.4952720037117586e-06,4.945726503450982e-06,8.986465968185883e-06,-5.079055009226638e-06,-9.103897913366429e-07,7.662038307754372e-07,-1.4415998578899164e-07,-4.8868157200691024e-06,5.0898864892399735e-06,Pre-Euro
"Estonia, Republic of",2010,3,% of GDP (annualized),19569000000,1.1302350902556204e-06,1.520728160395934e-05,1.196456854375433e-05,6.177671990671735e-06,3.436174346872081e-07,6.5212894253589436e-06,6.155821500239279e-06,-8.463159399359265e-06,9.260068952595139e-08,2.9535107357493524e-07,3.8795176310088667e-07,-5.025586409983658e-06,6.133337662258054e-06,Pre-Euro
"Estonia, Republic of",2010,4,% of GDP (annualized),19569000000,1.539741580465086e-05,1.1556585309913507e-05,4.74309527295027e-06,-3.866872846942528e-06,1.7641888978393508e-06,-2.1026839491031774e-06,2.745158217663378e-05,-1.126281758210654e-05,-1.5204791242178058e-06,5.430857691741898e-07,-9.773655913419048e-07,-1.205416637198292e-05,-1.125318357761273e-06,Pre-Euro
"Estonia, Republic of",2012,1,% of GDP (annualized),23252000000,3.727829295743029e-06,3.1662477043497226e-06,3.910144874220981e-06,-3.625340204316649e-07,2.426319308975945e-06,2.06378528854428e-06,5.502931339305897e-06,-7.054722167820261e-07,-3.4726776852942954e-07,-1.7151419788537933e-07,-5.187819664148088e-07,-1.7751020435628679e-06,2.5825672549590904e-06,Post-Euro
"Estonia, Republic of",2012,2,% of GDP (annualized),23252000000,3.1725143886893343e-06,9.230066633463112e-06,-1.1220424437994612e-06,2.773494933380609e-06,-4.6404942012617804e-07,2.309445513254431e-06,8.742319853276337e-06,-4.069839726946718e-06,6.42363788061224e-06,1.3729037996037414e-07,6.560928260572614e-06,-5.569805464587003e-06,-4.251482747318184e-06,Post-Euro
"Estonia, Republic of",2012,3,% of GDP (annualized),23252000000,4.737766804853786e-06,5.660964807103374e-06,4.3036977040849575e-06,5.0374555795100565e-06,1.5378030276965239e-07,5.191257390014363e-06,8.092048578147027e-06,-2.833837610157569e-06,-1.8470842520080768e-07,-2.1056072225383175e-08,-2.0576449742619079e-07,-3.354281773293241e-06,5.3970218874405525e-06,Post-Euro
"Estonia, Republic of",2012,4,% of GDP (annualized),23252000000,1.0406697891149145e-05,1.53099535799071e-05,-1.6370953778169617e-05,-5.349346891450197e-06,1.8263238842895237e-06,-3.523023007160672e-06,8.410017045415446e-06,-5.015904982367106e-06,-3.07789099647342e-07,-2.0443281509117495e-06,-2.3521172505590917e-06,1.9966808457337e-06,-1.1709057566015823e-06,Post-Euro
"Estonia, Republic of",2013,1,% of GDP (annualized),25451000000,5.0981438419938005e-06,-1.3539771076363425e-05,-9.41346823358256e-06,-7.299340977793074e-07,6.056908792480592e-07,-1.2424321853124814e-07,3.3812793998842465e-06,-9.352612717923754e-06,8.904166513515777e-09,-4.743492342654769e-07,-4.6542431211906246e-07,1.7168644421095533e-06,3.412018492207129e-07,Post-Euro
"Estonia, Republic of",2013,2,% of GDP (annualized),25451000000,3.091803479303102e-06,1.1963463027279506e-05,6.597109293737561e-07,-4.626763070974063e-06,3.220111968756532e-06,-1.4066305728592194e-06,9.170341182065678e-06,-5.598253365040498e-06,2.463974643388733e-06,5.593223672253923e-07,3.023317539972438e-06,-6.078537702762578e-06,-4.429948112831657e-06,Post-Euro
"Estonia, Republic of",2013,3,% of GDP (annualized),25451000000,1.7400014160067709e-06,-4.184407050839265e-06,1.7500117102501372e-06,2.4525012782018687e-06,1.557610108836603e-06,4.010111387038473e-06,2.67969957810793e-06,-3.157529839703894e-06,-1.3363014415103183e-07,1.5951955379499445e-07,2.588940964396256e-08,-9.396773506786156e-07,3.9842219773945085e-06,Post-Euro
"Estonia, Republic of",2013,4,% of GDP (annualized),25451000000,3.4485495915681085e-06,-5.242212908137201e-07,-4.072233466121173e-06,1.0961332862952332e-05,1.2062779376301511e-06,1.2167610800582485e-05,2.0244592904502757e-06,7.163744466769474e-06,6.813721731218807e-07,4.209513221484418e-08,7.234673053367251e-07,1.424111690920788e-06,1.1444143495245758e-05,Post-Euro
"Estonia, Republic of",2014,1,% of GDP (annualized),27063000000,5.899614224258426e-06,1.703796992428544e-05,1.9199177258377668e-05,-4.0547942021231867e-07,4.826885319791575e-07,7.720911176683892e-08,8.58915942096279e-06,5.270645398197678e-06,2.4241312836537564e-06,1.6933776086250854e-07,2.593469044516265e-06,-2.6895451967043654e-06,-2.5162599327494262e-06,Post-Euro
"Estonia, Republic of",2014,2,% of GDP (annualized),27063000000,7.61190234256291e-07,1.8629726698635612e-06,1.2475539523549348e-05,7.161818877815766e-06,1.7766441890070619e-06,8.938463066822827e-06,2.451384352997198e-06,2.4900295203665283e-06,3.529740562343879e-07,2.2271126868847874e-07,5.756853249228667e-07,-1.6901941187409067e-06,8.362777741899963e-06,Post-Euro
"Estonia, Republic of",2014,3,% of GDP (annualized),27063000000,9.832285453873697e-06,2.5912640189725855e-07,-1.1115437233660264e-06,-2.9573442260987206e-06,3.3367471274098065e-07,-2.62366951335774e-06,1.378262101728973e-05,-7.71523097909597e-06,1.8730140648251872e-08,-3.3643721256462445e-07,-3.1770707191637257e-07,-3.950315971218702e-06,-2.3059624414413686e-06,Post-Euro
"Estonia, Republic of",2014,4,% of GDP (annualized),27063000000,3.078815316345196e-07,4.543704818964085e-06,-4.355534469051382e-05,4.574055173345529e-06,7.531247401895578e-08,4.649367647364484e-06,1.5101841276604588e-06,2.3722413327236464e-06,-4.595409409294979e-07,-9.111017521616232e-07,-1.3706426930911209e-06,-1.2023025960259398e-06,6.020010340455605e-06,Post-Euro
"Estonia, Republic of",2015,1,% of GDP (annualized),23314000000,-2.024081660314541e-06,2.5760143506661594e-06,4.431469232466251e-05,-1.9620409171681772e-06,2.8331037708796513e-06,8.710435323962629e-07,1.6097553769041896e-06,-1.3339049596196537e-06,7.98743170872222e-08,-5.069526685376237e-07,-4.2705903013518925e-07,-3.6338370372187304e-06,1.2981218838466645e-06,Post-Euro
"Estonia, Republic of",2015,2,% of GDP (annualized),23314000000,-9.280388670022146e-06,1.4402827036004485e-05,-9.413188062440376e-06,-3.9154297514713694e-06,-8.498933556190527e-07,-4.7653231070904225e-06,-1.661735124657151e-05,9.411253814542809e-06,9.936724493381756e-07,-2.2791887726327356e-07,7.657725352895841e-07,7.336962576549368e-06,-5.5310956423800064e-06,Post-Euro
"Estonia, Republic of",2015,3,% of GDP (annualized),23314000000,4.825497467616024e-06,-1.655365768036373e-05,-6.609477812473191e-06,7.6050897477910276e-06,1.4682133825169428e-07,7.751911086042721e-06,7.63978291670241e-06,-9.46700098224243e-06,-5.018016899716909e-07,5.277405078493609e-08,-4.490467118469589e-07,-2.814285449086386e-06,8.20095779788968e-06,Post-Euro
"Estonia, Republic of",2015,4,% of GDP (annualized),23314000000,-3.3883770817931424e-06,7.854248040860454e-06,-1.4650075719601056e-05,3.7418478404657235e-06,1.9218210786520375e-06,5.6636877107583064e-06,-4.90747451190121e-06,1.2921883705136273e-05,-6.272085865079598e-07,-1.90547235137691e-08,-6.462445183811826e-07,1.5190974301080668e-06,6.309932229139489e-06,Post-Euro
"Estonia, Republic of",2016,1,% of GDP (annualized),24554000000,-1.2538366164371848e-06,-1.619447855402241e-05,2.911131333440057e-06,8.067510407449188e-06,1.5063524855551414e-06,9.573862893004328e-06,2.5622120648365724e-06,-1.5070526219759856e-06,5.708804662271449e-09,-5.480272953621399e-07,-5.423184906998684e-07,-3.816048681273757e-06,1.0116181383704197e-05,Post-Euro
"Estonia, Republic of",2016,2,% of GDP (annualized),24554000000,5.806865545454053e-06,-4.753789393424914e-06,1.911541550065501e-06,1.2980899691530924e-05,1.6345169405204448e-06,1.4615416632051368e-05,4.73795048056096e-06,3.030935101484366e-06,5.227209164103049e-07,3.528711109830185e-07,8.755736314434235e-07,1.068915064893091e-06,1.3739843000607947e-05,Post-Euro
"Estonia, Republic of",2016,3,% of GDP (annualized),24554000000,5.297206203519325e-06,-8.26010615625186e-06,-1.0651312543040682e-05,8.719290981411501e-06,-6.579896801360582e-07,8.061301301275443e-06,5.636005766510977e-06,-1.635515098447225e-06,-2.7948007977469875e-07,5.752043479924333e-07,2.9572426821773466e-07,-3.3879956299165333e-07,7.765577033057706e-06,Post-Euro
"Estonia, Republic of",2016,4,% of GDP (annualized),24554000000,-3.891796256465342e-06,-1.331100553244889e-06,2.7734088444092612e-06,8.919978458830537e-06,3.546660308656431e-06,1.2466638767486971e-05,2.1450772156522357e-06,-1.1589544199773968e-06,-6.250096337409383e-07,3.6345086213040643e-07,-2.615411949173251e-07,-6.036873472117578e-06,1.2728179962404295e-05,Post-Euro
"Estonia, Republic of",2017,1,% of GDP (annualized),27460000000,8.337988083589939e-06,-4.09668401622491e-06,8.901485129698951e-07,3.961246190554007e-06,3.022999567482706e-06,6.984245758036714e-06,9.14374387902944e-06,-9.599458349487158e-07,1.9022096816627967e-07,9.76386981903727e-08,2.878596663566524e-07,-8.05755795439503e-07,6.696386091680061e-06,Post-Euro
"Estonia, Republic of",2017,2,% of GDP (annualized),27460000000,4.053256024974777e-06,-8.85885067039455e-06,-2.0692282115687513e-06,1.0340409657402058e-05,2.386686789535532e-06,1.272709644693759e-05,6.9319442092898185e-06,-4.564747392124654e-06,1.7972836959331026e-07,6.907220521109944e-07,8.704504217043045e-07,-2.87868818431504e-06,1.1856629970890311e-05,Post-Euro
"Estonia, Republic of",2017,3,% of GDP (annualized),27460000000,1.8843342338506482e-06,-9.087511107625139e-07,-1.347197172166517e-06,9.345582598128812e-06,4.102914079780408e-06,1.344851378799942e-05,1.009599693417005e-05,-1.1953143234691102e-05,-2.9037534080340834e-07,5.349127499579846e-07,2.445374091545761e-07,-8.211662700319401e-06,1.320397637884484e-05,Post-Euro
"Estonia, Republic of",2017,4,% of GDP (annualized),27460000000,-4.798862956195969e-06,1.6043659727395513e-06,-1.182354230548316e-05,2.1185087902195147e-05,-8.505081098532831e-06,1.2680006803662323e-05,-8.872668979294455e-07,7.504397569451582e-06,3.280729982311895e-07,1.6164399646238496e-07,4.897169946935746e-07,-3.911596058266523e-06,1.2190289808968746e-05,Post-Euro
"Latvia, Republic of",2007,1,% of GDP (annualized),29463000000,1.7259184188643372e-06,2.0301782638393906e-05,8.665178041102397e-06,2.686738981943453e-06,2.6689460085530993e-07,2.953633582798763e-06,7.152775302922307e-06,2.921606230696126e-05,9.964065098598239e-07,-1.779297339035399e-07,8.184767759562838e-07,-5.426856884057969e-06,2.135156806842479e-06,Pre-Euro
"Latvia, Republic of",2007,2,% of GDP (annualized),29463000000,4.191341879864571e-06,9.75539398239221e-06,1.4093158286007507e-06,3.001659686889911e-06,9.700485573485688e-07,3.953405441269638e-06,1.498999563148072e-05,1.676536751945829e-05,-7.504149217224778e-07,-3.477532564079775e-07,-1.0798653751616142e-06,-1.0798653751616141e-05,5.033270816431252e-06,Pre-Euro
"Latvia, Republic of",2007,3,% of GDP (annualized),29463000000,2.7977379712232983e-06,2.2885496604606577e-05,1.8259903158850722e-05,1.6226880233095124e-06,6.155023536691257e-07,2.2381903769786393e-06,8.952761507914555e-06,3.6463851558276984e-05,-1.4921269179857583e-07,1.8651586474821995e-08,-1.305611053237539e-07,-6.155023536691257e-06,2.368751482302393e-06,Pre-Euro
"Latvia, Republic of",2007,4,% of GDP (annualized),29463000000,1.7306789872042888e-06,2.8693870935580204e-05,2.3855836494077304e-05,-1.337342853748769e-06,4.720033601466243e-07,-8.653394936021446e-07,5.742707548450596e-06,3.213556210331601e-05,-6.293378135288325e-07,3.3433571343719227e-07,-2.9500210009164026e-07,-4.0120285612463075e-06,-5.703373935105045e-07,Pre-Euro
"Latvia, Republic of",2008,1,% of GDP (annualized),34296000000,1.0654746533029683e-06,-1.0951682092146905e-05,-1.5842385418783486e-05,6.986719038052251e-07,-1.5370781883714952e-06,-8.209394869711395e-07,7.423388977930517e-06,-7.580590156286693e-06,6.707250276530161e-06,-1.7466797595130628e-08,6.689783478935031e-06,-6.3579143246275485e-06,-7.5107229659061695e-06,Pre-Euro
"Latvia, Republic of",2008,2,% of GDP (annualized),34296000000,2.587289188243526e-06,1.5942803096571017e-05,9.23771562281315e-06,2.4415264170748763e-06,-3.4618658152554206e-07,2.0953398355493337e-06,7.433901329601114e-06,2.330382304058781e-05,-2.131780528341496e-06,0.0,-2.131780528341496e-06,-4.84661214135759e-06,4.2271203638908305e-06,Pre-Euro
"Latvia, Republic of",2008,3,% of GDP (annualized),34296000000,1.544693258689032e-06,-3.2824731747141943e-06,-8.56602625273009e-06,1.4569265962635188e-06,-1.59735325614434e-06,-1.2287332739571845e-07,5.529299732807331e-06,6.003239709905103e-06,4.037266471573607e-07,-3.5106664970205286e-08,3.6861998218715544e-07,-3.9846064741182995e-06,-4.914933095828739e-07,Pre-Euro
"Latvia, Republic of",2008,4,% of GDP (annualized),34296000000,-1.1989762290062983e-06,3.888986999212737e-06,1.8906932842022407e-06,-2.3364664975507352e-06,-1.5678919917774667e-06,-3.919729979443669e-06,-3.6584146474807567e-06,-1.2573878914450666e-05,-2.9666975922848157e-06,-5.226306639258224e-07,-3.4893282562106382e-06,2.459438418474458e-06,-4.304017232330302e-07,Pre-Euro
"Latvia, Republic of",2009,1,% of GDP (annualized),25758000000,-5.462726697946751e-07,-8.659433432300775e-06,-1.4162624772454538e-05,-1.6590503304875316e-06,6.069696331051944e-07,-1.0520806973823371e-06,3.8441410096662324e-07,-3.8097460637902725e-05,-1.8209088993155835e-07,6.069696331051945e-08,-1.213939266210389e-07,-9.306867707612983e-07,-9.306867707612983e-07,Pre-Euro
"Latvia, Republic of",2009,2,% of GDP (annualized),25758000000,-2.730822945079348e-06,1.505127995311175e-05,6.4777660557696136e-06,-1.1007968460784968e-06,-5.927367632730366e-07,-1.6935336093515333e-06,-4.784232446418083e-06,-1.509361829334554e-05,-3.810450621040951e-07,-1.27015020701365e-07,-5.0806008280546e-07,2.053409501338734e-06,-1.1854735265460733e-06,Pre-Euro
"Latvia, Republic of",2009,3,% of GDP (annualized),25758000000,8.662454736039367e-07,3.842576075217463e-06,2.3544107744106998e-06,-5.552855600025234e-07,1.1549939648052489e-06,5.774969824026244e-07,1.932393748808782e-06,-4.753244393621601e-06,3.5538275840161506e-07,-6.663426720030282e-07,-3.109599136014131e-07,-1.066148275204845e-06,8.884568960040376e-07,Pre-Euro
"Latvia, Republic of",2009,4,% of GDP (annualized),25758000000,-5.967314232471562e-07,6.541094447132288e-06,9.754263649232358e-06,-1.6983894353957514e-06,1.400023723772174e-06,-2.75414503037149e-07,1.3770725151857447e-07,-6.724704115823721e-06,5.049265889014398e-07,6.196826318335852e-07,1.124609220735025e-06,-7.344386747657306e-07,-1.400023723772174e-06,Pre-Euro
"Latvia, Republic of",2010,1,% of GDP (annualized),23509000000,2.211805623918375e-06,-1.0541371484206723e-05,-9.623707448751228e-06,-1.670619141470262e-06,1.4588505179036091e-06,-2.1176862356665295e-07,5.176566353851516e-07,-2.5082816969116884e-05,2.3529847062961432e-08,-2.3529847062961432e-08,2.3529847062961432e-08,1.6941489885332236e-06,-2.3529847062961436e-07,Pre-Euro
"Latvia, Republic of",2010,2,% of GDP (annualized),23509000000,-7.135101653065025e-07,-6.270240846632901e-07,-3.913495149105362e-06,-1.4486418507738082e-06,1.2972912096481865e-06,-1.5135064112562177e-07,1.3189127298089896e-06,-9.232389108662928e-06,2.1621520160803116e-07,1.2972912096481864e-07,3.459443225728497e-07,-2.0324228951154925e-06,-4.972949636984716e-07,Pre-Euro
"Latvia, Republic of",2010,3,% of GDP (annualized),23509000000,9.445692107600362e-07,-3.295008874744313e-07,8.567023074335213e-07,1.9550385990149593e-06,5.272014199590901e-07,2.46027329314242e-06,3.448775955565714e-06,-4.722846053800179e-06,8.786690332651501e-08,2.416339841479163e-07,3.295008874744313e-07,-2.504206744805678e-06,2.130772405667989e-06,Pre-Euro
"Latvia, Republic of",2010,4,% of GDP (annualized),23509000000,-6.93318999686775e-07,2.4890152088755232e-05,2.715499415439869e-05,1.4328592660193351e-06,1.7332974992169382e-06,3.189267398559167e-06,2.7963866320699935e-06,2.313374395621539e-05,-1.0630891328530551e-06,0.0,-1.0630891328530551e-06,-3.4897056317567668e-06,4.2523565314122206e-06,Pre-Euro
"Latvia, Republic of",2011,1,% of GDP (annualized),26832000000,2.2432736564549778e-07,-1.0767713550983893e-05,-7.810671003838696e-06,6.464706809965709e-06,1.42753778138044e-06,7.871851194469286e-06,5.852904903659805e-06,-1.5152293879509525e-05,-2.447207625223612e-06,2.0393396876863433e-08,-2.4268142283467488e-06,-5.628577538014308e-06,1.0298665422816033e-05,Pre-Euro
"Latvia, Republic of",2011,2,% of GDP (annualized),26832000000,6.650405344009973e-07,4.633830820342433e-06,4.569472058948789e-06,1.2871752278728977e-07,7.937580571882871e-07,9.224755799755769e-07,5.813741445892589e-06,-1.2871752278728981e-06,5.341777195672527e-06,4.719642502200626e-07,5.813741445892589e-06,-5.1487009114915925e-06,-4.8912658659170125e-06,Pre-Euro
"Latvia, Republic of",2011,3,% of GDP (annualized),26832000000,1.2004184962324243e-06,-3.180056016335018e-06,-4.928033826638373e-06,3.938215066587077e-06,1.1372385753780862e-06,5.0754536419651625e-06,7.307810845485109e-06,-2.3165970979923973e-06,-3.3695957788980337e-07,-2.10599736181127e-08,-3.5801955150791604e-07,-6.107392349252685e-06,5.433473193473078e-06,Pre-Euro
"Latvia, Republic of",2011,4,% of GDP (annualized),26832000000,-4.823451475849732e-07,1.4952699575134167e-05,1.5455142437201848e-05,-1.266156012410555e-06,4.622474331022661e-07,-8.039085793082888e-07,3.6778817503354217e-06,-8.119476651013716e-06,4.2205200413685163e-07,1.004885724135361e-07,5.225405765503877e-07,-4.160226897920395e-06,-1.3264491558586765e-06,Pre-Euro
"Latvia, Republic of",2012,1,% of GDP (annualized),27136000000,8.888246099419604e-07,3.574620713897015e-06,1.2173032701379027e-06,9.351980678519757e-06,8.115355134252683e-07,1.0163516191945027e-05,5.178369466618378e-06,7.748231925798397e-06,1.3796103728229564e-05,3.864454825834611e-08,1.3834748276487905e-05,-4.289544856676418e-06,-3.67123208454288e-06,Pre-Euro
"Latvia, Republic of",2012,2,% of GDP (annualized),27136000000,1.3033320574025806e-06,8.499991678712483e-07,1.7944426877281899e-06,3.1355524859250485e-06,3.77777407942777e-07,3.494441023470687e-06,2.1911089660681055e-06,-4.249995839356241e-06,-5.855549823113042e-07,-9.444435198569422e-08,-6.799993342969985e-07,-8.877769086655259e-07,4.174440357767686e-06,Pre-Euro
"Latvia, Republic of",2012,3,% of GDP (annualized),27136000000,1.1794760522496232e-06,-1.5296330052612293e-06,-2.5063866110304496e-06,-7.003139060232138e-07,2.0272244648040404e-07,-4.975914595428098e-07,5.178637041908501e-06,-2.322093477866446e-06,8.846070391872172e-07,1.8429313316400356e-08,9.030363525036176e-07,-3.999160989658878e-06,-1.4006278120464276e-06,Pre-Euro
"Latvia, Republic of",2012,4,% of GDP (annualized),27136000000,-9.939279923349054e-07,4.071281968602593e-06,1.0283331920695752e-05,-2.2936799823113206e-07,1.0703839917452827e-06,8.219019936615564e-07,3.3831779739091964e-06,3.4214059736143855e-06,1.8884631854363208e-05,9.556999926297166e-08,1.8980201853626178e-05,-4.377105966244102e-06,-1.8158299859964622e-05,Pre-Euro
"Latvia, Republic of",2015,1,% of GDP (annualized),26347000000,2.0174571244219394e-06,-1.973004679307558e-05,-1.3694772514084524e-05,1.8516153099567465e-05,1.3164762591566898e-06,1.9849726452998914e-05,4.49653579426246e-06,-4.513632888537222e-06,-1.829389087399555e-06,3.932331683195307e-07,-1.4361559190800251e-06,-2.4790786698405194e-06,2.1268785277804182e-05,Post-Euro
"Latvia, Republic of",2015,2,% of GDP (annualized),26347000000,-3.3560434743747675e-07,-6.611405644518292e-06,-8.843174554977513e-06,7.668559338946344e-06,5.705273906437104e-07,8.239086729590056e-06,2.1143073888561033e-06,2.3827908668060852e-06,-6.359702383940185e-06,1.2081756507749165e-06,-5.151526733165268e-06,-2.44991173629358e-06,1.3390613462755325e-05,Post-Euro
"Latvia, Republic of",2015,3,% of GDP (annualized),26347000000,1.5526898698144001e-06,9.164245644665427e-06,5.41753748054807e-06,9.788697005351654e-07,-2.7003302083728697e-07,7.088366796978783e-07,5.164381523513113e-06,-5.78883288419934e-06,8.978597942839791e-06,1.0126238281398261e-07,9.079860325653773e-06,-3.6116916536987134e-06,-8.354146582153565e-06,Post-Euro
"Latvia, Republic of",2015,4,% of GDP (annualized),26347000000,-1.0475888482414003e-06,-2.5075618780127485e-05,-3.545173689604233e-05,1.754295610943933e-05,-6.651357766612066e-08,1.74764425317732e-05,5.653654101620256e-07,8.31419720826508e-07,-9.644468761587495e-07,-3.491962827471334e-07,-1.2970147644893528e-06,-1.629582652819957e-06,1.8773457296262555e-05,Post-Euro
"Latvia, Republic of",2016,1,% of GDP (annualized),27110000000,3.251927035613425e-07,1.5072681810068228e-05,1.0991513380373378e-05,1.999935126902256e-05,7.479432181910879e-07,2.0763554122391724e-05,-8.780202996156248e-07,-8.113557953855496e-06,-9.918377458620949e-07,-1.625963517806713e-08,-1.008097381040162e-06,1.2032130031769674e-06,2.1771651503431884e-05,Post-Euro
"Latvia, Republic of",2016,2,% of GDP (annualized),27110000000,2.149337729478222e-06,1.257945725392293e-05,3.2656604261839643e-06,4.981798303209213e-06,-1.3829072212921895e-06,3.6155526147036764e-06,-2.99907590159752e-07,-1.3279241630962351e-05,9.597042885112064e-06,-2.6658452458644617e-07,9.34711989331227e-06,2.449245319637974e-06,-5.731567278608594e-06,Post-Euro
"Latvia, Republic of",2016,3,% of GDP (annualized),27110000000,1.4004197265908958e-06,-8.040056783251262e-06,-2.1484086158523864e-05,2.405426824497303e-06,1.4992728837620183e-06,3.904699708259322e-06,4.1847836535775e-06,-1.3608784637224469e-05,4.9426578585561024e-08,-2.8008394531817916e-07,-2.3065736673261807e-07,-2.7843639269866043e-06,4.13535707499194e-06,Post-Euro
"Latvia, Republic of",2016,4,% of GDP (annualized),27110000000,-2.547122832902988e-07,-1.2449062845813354e-05,-8.660217631870158e-06,4.0117184618222056e-06,1.7511469476208042e-06,5.76286540944301e-06,1.9421811600885286e-06,-1.7622906100147545e-05,7.402575733124308e-06,-1.5919517705643674e-08,7.386656215418665e-06,-2.196893443378827e-06,-1.6397103236812987e-06,Post-Euro
"Latvia, Republic of",2017,1,% of GDP (annualized),29381000000,1.5946041528669414e-06,6.871294258717547e-06,6.465395019805962e-06,8.407912806025691e-07,2.145467405675521e-06,2.9717622848883902e-06,2.406402630690111e-06,-5.653596541982792e-07,-3.3051795168514785e-06,2.3194242223519148e-07,-3.0732370946162865e-06,-8.1179847782317e-07,6.059495780894377e-06,Post-Euro
"Latvia, Republic of",2017,2,% of GDP (annualized),29381000000,1.2303830761815676e-06,1.0713335565776088e-05,2.190682062469619e-06,-2.7008408989351485e-06,1.0503270162525576e-06,-1.650513882682591e-06,2.2206914057911222e-06,4.336350109956987e-06,3.0759576904539177e-06,2.1006540325051153e-07,3.2860230937044296e-06,-9.903083296095542e-07,-4.93653697638702e-06,Post-Euro
"Latvia, Republic of",2017,3,% of GDP (annualized),29381000000,2.558622657761575e-07,-8.379489204169157e-06,-9.802723057549033e-06,1.5415701513013485e-05,1.8869842100991609e-06,1.7302685723112652e-05,6.5404791689030245e-06,-2.1252559451032083e-05,1.759053077211082e-07,1.5991391611009837e-08,1.9189669933211803e-07,-6.284616903126867e-06,1.7110789023780527e-05,Post-Euro
"Latvia, Republic of",2017,4,% of GDP (annualized),29381000000,4.7767052565554435e-06,-7.309320795266047e-06,-1.5965095421239006e-05,1.4570553953721138e-05,3.318046939956298e-06,1.7872571681407113e-05,5.0331726528805685e-06,1.2053967627280852e-05,1.6029212270320277e-07,8.01460613516014e-08,2.404381840548043e-07,-2.724966085954448e-07,1.7648162709622625e-05,Post-Euro
"Latvia, Republic of",2018,1,% of GDP (annualized),33263000000,5.321433939898965e-07,-1.2372333910265099e-05,-3.665876714152621e-06,-1.9467579163463717e-05,5.321433939898965e-07,-1.8935435769473817e-05,1.670338986690509e-06,-3.495886463294737e-05,-6.770046512427017e-06,-1.7738113132996554e-07,-6.9474276437569825e-06,-1.123413831756448e-06,-1.1988008125716833e-05,Post-Euro
"Latvia, Republic of",2018,2,% of GDP (annualized),33263000000,-2.5504050117176307e-06,3.8112793995330884e-06,-1.0316244991217382e-05,-5.2870755579989076e-06,1.5617648667259645e-06,-3.7396388093163014e-06,-2.5217487756309162e-06,-1.8655209692451432e-05,8.324636583190694e-06,-1.4328118043357471e-08,8.29598034710398e-06,-2.8656236086714953e-08,-1.2035619156420274e-05,Post-Euro
"Latvia, Republic of",2018,3,% of GDP (annualized),33263000000,-1.6361660704085077e-06,8.642313089850071e-06,-1.2306206341534076e-06,3.132488886935948e-06,1.789993649677685e-06,4.9364668620017385e-06,5.593730155242765e-07,-8.810124994507355e-07,5.258106345928198e-06,1.957805554334968e-07,5.453886901361695e-06,-2.1955390859327855e-06,-5.314043647480626e-07,Post-Euro
"Latvia, Republic of",2018,4,% of GDP (annualized),33263000000,-1.2353320506268227e-07,-7.411992303760936e-06,-2.2373236028019124e-06,3.5138333884496298e-06,2.388308631211857e-06,5.902142019661487e-06,5.572720139494335e-06,3.1981374199561073e-06,1.166702492258666e-06,-1.3725911673631361e-08,1.1392506689114032e-06,-5.682527432883385e-06,4.749165439076452e-06,Post-Euro
"Latvia, Republic of",2019,1,% of GDP (annualized),33103000000,1.3724090608964746e-07,1.2351681548068273e-05,5.695497602720367e-06,2.250750859870217e-06,1.7017872355116284e-06,3.9525380953818455e-06,2.497784490831583e-06,-8.385419362077457e-06,9.977413872717367e-06,2.3330954035240056e-07,1.0210723413069767e-05,-2.360543584741935e-06,-6.271909408296888e-06,Post-Euro
"Latvia, Republic of",2019,2,% of GDP (annualized),33103000000,2.308298341540042e-07,-1.56421158203184e-05,-5.254773283388214e-06,-2.0774685073860376e-06,2.3354547926169833e-06,2.5798628523094583e-07,1.317087877231671e-06,-1.6158088390780293e-06,3.4624475123100637e-06,3.6661208953871267e-07,3.842637827387247e-06,-1.0862580430776668e-06,-3.5710733166178307e-06,Post-Euro
"Latvia, Republic of",2019,3,% of GDP (annualized),33103000000,1.3436152907499624e-08,5.9656518909298305e-06,-3.130623627447411e-06,-3.0903151687249122e-06,1.4914129727324583e-06,-1.598902195992455e-06,5.1460465635723545e-06,-4.044282025157385e-06,1.706391419252452e-06,-3.4933997559499003e-07,1.3704875965649616e-06,-5.132610410664855e-06,-2.9693897925574156e-06,Post-Euro
"Latvia, Republic of",2019,4,% of GDP (annualized),33103000000,6.956411805576533e-07,-1.9665241065764433e-06,-2.8628310122949582e-06,3.652116197927679e-06,4.147091653324471e-07,4.066825363260127e-06,4.5216676736247454e-06,-2.996608162402199e-06,-6.019971754825846e-07,8.02662900643446e-08,-5.217308854182399e-07,-3.839404208077816e-06,4.588556248678367e-06,Post-Euro
"Latvia, Republic of",2020,1,% of GDP (annualized),33353000000,8.066718698467901e-07,-5.540910056816478e-06,6.08309934638563e-07,-3.993686962192306e-06,3.279583995442688e-06,-7.141029667496175e-07,2.7373947058735332e-06,-7.656770699037566e-06,-6.810426442149129e-06,-1.322412901388181e-08,-6.823650571163011e-06,-1.9307228360267445e-06,6.109547604413395e-06,Post-Euro
"Latvia, Republic of",2020,2,% of GDP (annualized),33353000000,-5.283664573385544e-08,3.817447654271056e-06,3.579682748468705e-06,2.5757864795254515e-05,1.0303145918101809e-06,2.678817938706471e-05,1.3869619505137048e-06,2.113465829354217e-06,1.2931769043361113e-05,0.0,1.2931769043361113e-05,-1.4530077576810242e-06,1.3856410343703584e-05,Post-Euro
"Latvia, Republic of",2020,3,% of GDP (annualized),33353000000,6.869141570109963e-07,1.878499939581092e-06,-1.962611877174275e-07,1.0752309355661925e-05,3.897186441817489e-06,1.4649495797479411e-05,4.065410317003855e-06,1.4018656265530538e-07,-7.401850508200123e-06,7.009328132765269e-08,-7.331757226872471e-06,-3.3784961599928595e-06,2.1981253024351886e-05,Post-Euro
"Latvia, Republic of",2020,4,% of GDP (annualized),33353000000,9.299121518304501e-07,-8.583804478434924e-07,-4.992912938289647e-06,4.3491276024070285e-06,2.6609793883148263e-06,7.010106990721853e-06,3.075863271439181e-06,-3.819792992903541e-06,-8.526579115245356e-06,7.153170398695768e-08,-8.4550474112584e-06,-2.131644778811339e-06,1.5465154401980258e-05,Post-Euro
"Lithuania, Republic of",2008,1,% of GDP (annualized),48004000000,3.732465001572571e-06,1.209089047149336e-06,1.3886616695920956e-06,8.550601869199349e-07,-6.019863312466092e-07,2.530738556733257e-07,4.105586711860166e-06,4.518391600700088e-06,-1.3291369017636055e-06,3.144704715467361e-08,-1.2976898546089317e-06,-3.7312171028759564e-07,1.5507637102822582e-06,Pre-Euro
"Lithuania, Republic of",2008,2,% of GDP (annualized),48004000000,-6.101233220148318e-07,-2.9128930182901405e-06,-4.350399279226728e-06,2.2638478116406946e-06,7.292320994083822e-07,2.9930799110490778e-06,1.0235544444212974e-06,8.705484805432872e-06,3.732075024997914e-07,6.378502833097237e-08,4.3699253083076384e-07,-1.6336777664361294e-06,2.5560873802183134e-06,Pre-Euro
"Lithuania, Republic of",2008,3,% of GDP (annualized),48004000000,1.0104131417078701e-06,4.139972525016781e-06,5.467166552408414e-06,4.514691957488311e-07,-3.6681872154592525e-07,8.465047420290584e-08,6.031753863314313e-06,1.207868210793019e-05,-8.319574012771516e-07,-3.6242943769836714e-08,-8.682003450469886e-07,-5.021340721606444e-06,9.528508192498942e-07,Pre-Euro
"Lithuania, Republic of",2008,4,% of GDP (annualized),48004000000,4.900174878655946e-07,4.840432719669194e-06,-1.4780693341961095e-06,-3.877968967169404e-06,-5.408642150914508e-07,-4.418833182260853e-06,3.2320068731251567e-06,7.0388123862074e-06,-2.015199664350888e-07,-3.788795009270062e-08,-2.394079165277894e-07,-2.7419893852595628e-06,-4.179425265733065e-06,Pre-Euro
"Lithuania, Republic of",2009,1,% of GDP (annualized),37591000000,6.669746468358387e-07,2.4269503569960906e-06,4.452690024334538e-06,-5.844866163084383e-07,4.6623066666159345e-07,-1.1825594964684483e-07,-3.668568510615249e-06,-5.063655991619e-06,8.526073743588459e-07,-2.7449798393992114e-07,5.781093904189249e-07,4.335543157451087e-06,-6.963653400657696e-07,Pre-Euro
"Lithuania, Republic of",2009,2,% of GDP (annualized),37591000000,5.806398431505056e-06,-4.0184530152635484e-06,-1.343932685500371e-06,4.316540621167839e-06,1.4364776453869584e-06,5.753018266554799e-06,6.637707467727681e-07,-5.458121866163837e-06,7.031096074643711e-06,8.659771324810807e-08,7.117693787891818e-06,5.142627684732288e-06,-1.36467552133702e-06,Pre-Euro
"Lithuania, Republic of",2009,3,% of GDP (annualized),37591000000,9.87907403851471e-07,5.8154278079132176e-06,4.5677209989817184e-06,-5.541474129445702e-07,6.074161837576983e-07,5.326877081312814e-08,-1.2321827671516724e-06,-1.4991354071694642e-06,1.17921838931462e-06,2.6938778382639087e-07,1.4486061731410105e-06,2.220090171003143e-06,-1.3953374023278815e-06,Pre-Euro
"Lithuania, Republic of",2009,4,% of GDP (annualized),37591000000,-1.0289890188936551e-06,3.3066671421760648e-06,5.2577045513759265e-06,4.152913498689401e-06,9.418638597209386e-07,5.094777358410339e-06,4.041726698084508e-07,-1.499826589375958e-05,1.539284536012122e-05,-1.053679722846934e-07,1.5287477387836535e-05,-1.4331616887021063e-06,-1.0192700029426194e-05,Pre-Euro
"Lithuania, Republic of",2010,1,% of GDP (annualized),36693000000,7.31309666693901e-07,6.6319882204077695e-06,-4.656351613105448e-06,8.345764409023781e-07,-1.2910608092283171e-06,-4.5648436832593943e-07,4.6979598316186435e-06,-1.6693940888686005e-05,2.1965069005765427e-05,4.616100184326376e-07,2.2426679024198063e-05,-3.966650164924742e-06,-2.2883163392524002e-05,Pre-Euro
"Lithuania, Republic of",2010,2,% of GDP (annualized),36693000000,9.901972226872615e-07,1.970558966525783e-06,5.052527042959219e-06,-3.7453780511745242e-06,2.025693059227173e-06,-1.7196849919473512e-06,-1.922074211637627e-06,1.4872352242264191e-06,-1.6868538864945143e-06,-1.90614350646009e-07,-1.8774682371405229e-06,2.912271434324888e-06,1.5778324519317165e-07,Pre-Euro
"Lithuania, Republic of",2010,3,% of GDP (annualized),36693000000,-2.0210204340849526e-07,8.337412988523164e-07,-4.038803857725341e-06,1.0756726446874162e-06,2.450979864873917e-06,3.5266525095613334e-06,6.347636742207489e-06,-4.001789346989662e-06,7.273562468937634e-06,3.1835294024374396e-07,7.591915409181379e-06,-6.549738785615986e-06,-4.065262899620047e-06,Pre-Euro
"Lithuania, Republic of",2010,4,% of GDP (annualized),36693000000,-3.547722120229363e-07,2.8679394718999393e-06,-1.7491336146189256e-06,-3.8260909677264917e-07,1.6564427111438181e-06,1.2738336143711696e-06,2.8972570420086787e-06,-8.781944864390799e-06,-1.1684088168084268e-06,-1.908603427786164e-07,-1.3592691595870426e-06,-3.2520292540316146e-06,2.6331027739582124e-06,Pre-Euro
"Lithuania, Republic of",2011,1,% of GDP (annualized),43201000000,9.557968996666735e-07,-5.0762619066977575e-06,-5.6382644038911104e-06,7.064359990075457e-06,6.757456214844559e-07,7.740105611559912e-06,4.285633196424849e-06,-5.213944285433205e-06,5.580759528135919e-06,3.2754979890511776e-07,5.9083093270410365e-06,-3.329836296758175e-06,1.831796284518876e-06,Pre-Euro
"Lithuania, Republic of",2011,2,% of GDP (annualized),43201000000,1.6110458082429693e-06,6.481491381703002e-06,6.696279723683619e-06,-7.351037733914865e-07,1.105253906159576e-06,3.701501327680894e-07,5.2184773037660986e-06,2.4849891922695717e-06,-9.593523959432124e-08,-3.185849414861418e-07,-4.1452018108046305e-07,-3.6074314955231292e-06,7.846703138485525e-07,Pre-Euro
"Lithuania, Republic of",2011,3,% of GDP (annualized),43201000000,5.335446550409424e-07,-1.4490335103073207e-06,2.844830277638014e-06,-2.932206553579997e-06,7.18238220355434e-07,-2.213968333224562e-06,4.137031220797971e-06,2.9038223441796808e-08,-7.760530616224347e-07,4.438139285496243e-07,-3.322391330728104e-07,-3.6034865657570295e-06,-1.8817292001517523e-06,Pre-Euro
"Lithuania, Republic of",2011,4,% of GDP (annualized),43201000000,4.449181965839912e-06,6.763710260613183e-06,2.1043208927455392e-06,-8.486811791249046e-06,-6.509688845454968e-07,-9.137780675794545e-06,3.7733726578956513e-06,-1.970007849644685e-06,7.981889617138494e-06,-3.7185739349204887e-07,7.610032223646446e-06,6.758093079442607e-07,-1.6747812899440985e-05,Pre-Euro
"Lithuania, Republic of",2012,1,% of GDP (annualized),42736000000,2.107205760591e-06,1.0316413180744938e-05,7.053464871986991e-06,-7.517234174754619e-07,3.630405732511656e-07,-3.886828442242962e-07,4.157605916107552e-06,-4.199443305590029e-06,1.5170041121879138e-05,6.332045956570686e-07,1.5803245717536203e-05,-2.0504001555165526e-06,-1.6191928561760504e-05,Pre-Euro
"Lithuania, Republic of",2012,2,% of GDP (annualized),42736000000,-1.91301613959971e-06,-9.191592782091744e-06,-3.8483408059684184e-06,5.465589058404938e-07,1.0810040417687888e-06,1.6275629476092831e-06,-5.542349580620852e-06,-7.01950988001333e-06,-2.2532811419849373e-06,-1.5013878392168756e-06,-3.7546689812018122e-06,3.6293334410211417e-06,5.382231928811095e-06,Pre-Euro
"Lithuania, Republic of",2012,3,% of GDP (annualized),42736000000,2.8774115357255652e-06,-3.279259159202795e-06,-1.9526003044091576e-06,6.427923691789228e-07,3.5410335138092486e-07,9.968957205598474e-07,6.728665797886047e-06,-1.0390230194683517e-06,2.5498717867119467e-06,-9.712682803905073e-08,2.4527449586728966e-06,-3.8512542621604824e-06,-1.4558492381130486e-06,Pre-Euro
"Lithuania, Republic of",2012,4,% of GDP (annualized),42736000000,8.772465766566827e-07,-7.644958752573941e-07,-4.380649963730812e-06,2.582707132160239e-07,3.4711195479221256e-08,2.929819086952451e-07,9.943665194449646e-07,-2.0202886711437657e-06,-7.376735878416322e-07,4.6981481713309614e-07,-2.67858770708536e-07,-1.1711994278828154e-07,5.608406794037811e-07,Pre-Euro
"Lithuania, Republic of",2013,1,% of GDP (annualized),46321000000,1.0538574631028787e-06,7.633139441387832e-06,2.5259050914690675e-06,-5.87199662105478e-07,1.8497530626045543e-07,-4.0222435584502244e-07,4.7610043685335964e-06,-1.7060607778399586e-07,-4.175971494849172e-06,-1.353672555679165e-07,-4.311338750417088e-06,-3.7071469054307174e-06,3.9091143945720665e-06,Pre-Euro
"Lithuania, Republic of",2013,2,% of GDP (annualized),46321000000,1.6529453169274002e-06,-6.926488339787358e-06,-5.290237161450442e-08,1.6347848012985402e-06,-1.0772231320224287e-07,1.5270624880962973e-06,1.3059779500058307e-06,-3.3180728430965193e-06,-3.431773462685903e-06,-2.853795313106539e-07,-3.7171529939965574e-06,3.4696736692156975e-07,5.244215482092855e-06,Pre-Euro
"Lithuania, Republic of",2013,3,% of GDP (annualized),46321000000,4.432129687889495e-07,-8.90656814730941e-07,-4.7054214823697836e-07,1.8398598214174912e-07,7.657887647006176e-07,9.497747468423669e-07,1.8912020874098132e-06,2.044542797199798e-06,-8.351980196167405e-07,2.249225772982104e-07,-6.102754423185302e-07,-1.4479891186208631e-06,1.560050189160897e-06,Pre-Euro
"Lithuania, Republic of",2013,4,% of GDP (annualized),46321000000,-2.8429523231903436e-07,4.383717306945011e-08,-6.224996101795078e-06,4.477385475675176e-06,1.0036714692040318e-07,4.57775262259558e-06,-1.3205213850089583e-06,-4.770965256714014e-06,-1.0885251929470425e-06,7.004545616459052e-08,-1.018479736782452e-06,1.0362261526899237e-06,5.5962323593780326e-06,Pre-Euro
"Lithuania, Republic of",2016,1,% of GDP (annualized),42952000000,4.257845424149199e-06,-4.831729384038382e-06,1.0944435089131262e-05,2.367168708655919e-06,2.6149075997811854e-07,2.628659468634038e-06,-3.49769547942474e-06,1.1475421428270508e-05,-9.99381149820611e-06,4.825469204933726e-07,-9.511264577712731e-06,7.755540903573938e-06,1.2139924046346769e-05,Post-Euro
"Lithuania, Republic of",2016,2,% of GDP (annualized),42952000000,9.195412742668143e-07,-5.905928403799667e-07,-2.1298569793830957e-06,1.0495957909509145e-05,-1.1273424588449508e-07,1.0383223663624651e-05,5.3208040156454414e-06,5.569408266831028e-07,-3.0013389715890765e-07,2.6395798243477866e-08,-2.737380989154298e-07,-4.401262741378628e-06,1.0656961762540072e-05,Post-Euro
"Lithuania, Republic of",2016,3,% of GDP (annualized),42952000000,2.0984884465816886e-06,6.0328943126083585e-06,2.542103496785726e-06,6.403509417842111e-06,-7.43413969505079e-07,5.660095448337033e-06,4.333097873172072e-06,4.377708950653912e-06,5.905820334326752e-06,-1.2114663232248102e-07,5.784673702004271e-06,-2.234609426590382e-06,-1.24578253667237e-07,Post-Euro
"Lithuania, Republic of",2016,4,% of GDP (annualized),42952000000,1.2258458570031664e-06,8.720486564217034e-06,3.5198857554654036e-06,8.506064018410088e-06,1.4040959021116597e-06,9.910159920521746e-06,4.809837322039719e-06,-4.2135939355268675e-06,-2.0493731229046375e-06,1.0550312703715775e-07,-1.94386999586748e-06,-3.583991465036552e-06,1.1854029916389224e-05,Post-Euro
"Lithuania, Republic of",2017,1,% of GDP (annualized),47745000000,-2.549714161096153e-06,-4.250088579424254e-06,1.3657590023924884e-06,8.50570799216976e-06,8.426492185891214e-07,9.348357210758881e-06,-5.619148240411682e-07,4.250802235336673e-06,-1.1820818119335638e-06,-1.4861884376132494e-07,-1.3307006556948893e-06,-1.9877993370549846e-06,1.067905786645377e-05,Post-Euro
"Lithuania, Republic of",2017,2,% of GDP (annualized),47745000000,3.097830821670257e-07,6.0201332859039964e-06,4.068915374621258e-06,5.891972654593168e-06,7.806903009604178e-07,6.672662955553585e-06,3.0261790566146357e-06,4.319696552315935e-06,1.2585687932869282e-05,3.5484243957313857e-07,1.2940530372442416e-05,-2.7163959744476094e-06,-6.267867416888835e-06,Post-Euro
"Lithuania, Republic of",2017,3,% of GDP (annualized),47745000000,4.908627609173768e-06,-3.9091101450816695e-06,-6.384138572706005e-06,5.941406558238117e-06,1.7142457639543524e-06,7.655652322192469e-06,5.372025043298972e-06,-7.2753101937376146e-06,-1.4052485366973682e-06,1.119868931905886e-07,-1.2932616435067797e-06,-4.633974341252046e-07,8.948913965699253e-06,Post-Euro
"Lithuania, Republic of",2017,4,% of GDP (annualized),47745000000,1.1089052424337493e-06,-5.451509165058356e-06,-1.137510697006405e-05,5.928825698427589e-06,1.70646332450666e-06,7.635289022934248e-06,3.7563893828822322e-06,-4.371998493185473e-06,6.1963360184311765e-06,-4.8037435782355105e-08,6.148298582648821e-06,-2.6474841404484825e-06,1.4869904402854272e-06,Post-Euro
"Lithuania, Republic of",2018,1,% of GDP (annualized),54294000000,3.139891532345101e-06,-5.475611490877774e-06,2.430898373406193e-06,1.9589909329628875e-06,7.71841703108482e-07,2.7308326360713693e-06,3.456941608912365e-06,-7.088754311184168e-06,-9.262553236611367e-06,4.949096453699232e-07,-8.76764359124144e-06,-3.170500765672646e-07,1.1498476227312809e-05,Post-Euro
"Lithuania, Republic of",2018,2,% of GDP (annualized),54294000000,4.1741448501720725e-06,-6.224524968996081e-06,-2.750606260097196e-06,3.013772609794703e-06,1.2462217033540738e-06,4.259994313148777e-06,9.94466836465331e-07,5.44239949341069e-09,-1.092254466072743e-06,4.0817996200580705e-08,-1.0514364698721626e-06,3.179678013706742e-06,5.31143078302094e-06,Post-Euro
"Lithuania, Republic of",2018,3,% of GDP (annualized),54294000000,-9.576685008967951e-07,3.6241986871476323e-06,1.397349548186324e-06,1.5340002244191371e-06,4.2785797937722273e-07,1.9618582037963604e-06,3.789121917083787e-06,6.590075245033235e-07,4.7986234331033735e-06,1.0794975050366457e-07,4.906573183607038e-06,-4.7467904179805815e-06,-2.944714979810677e-06,Post-Euro
"Lithuania, Republic of",2018,4,% of GDP (annualized),54294000000,1.3034983727483698e-06,1.8260413627656831e-06,-4.874685321582497e-06,1.291052868641102e-06,3.6344235642980813e-07,1.6544952250709101e-06,1.335789410432092e-06,-2.4097186871477523e-06,9.220604901094042e-07,-7.166255810955171e-07,2.0543490901388737e-07,-3.229103768372222e-08,1.4490603160570227e-06,Post-Euro
"Lithuania, Republic of",2019,1,% of GDP (annualized),55132000000,2.2881884225909187e-06,-8.018959952736603e-06,1.3459010914065639e-06,-3.405171787191174e-06,2.419128043863497e-06,-9.86043743327677e-07,3.2504174707972764e-06,-6.801443965132859e-06,1.1918884091167901e-06,8.059090598148655e-08,1.2724793150982767e-06,-9.622290482063578e-07,-2.258523058425954e-06,Post-Euro
"Lithuania, Republic of",2019,2,% of GDP (annualized),55132000000,1.282638776028441e-05,-2.353549415947182e-06,-2.6803950446201853e-06,-2.5661743597184944e-06,6.023612479140972e-06,3.4574381194224776e-06,1.611701965464703e-05,-4.0943346151055656e-07,1.279027086991221e-05,-2.1523383878691148e-08,1.276874748603352e-05,-3.2906318943626213e-06,-9.311309366611043e-06,Post-Euro
"Lithuania, Republic of",2019,3,% of GDP (annualized),55132000000,1.2114146007707953e-06,7.612485464087122e-07,1.0293313060225481e-06,-1.6933665736666888e-06,2.2758394970527527e-07,-1.4657826239614133e-06,4.279320463724433e-06,-1.5971213939437562e-06,-1.2415870209018743e-07,-3.0599997207802525e-07,-4.3015867416821263e-07,-3.0679058629536365e-06,-1.0356239497932002e-06,Post-Euro
"Lithuania, Republic of",2019,4,% of GDP (annualized),55132000000,-6.445201008488716e-07,1.5511777078194145e-05,1.2422916101356737e-06,-7.0104412813792336e-06,4.92386368170935e-07,-6.518054913208298e-06,1.2701640521838495e-06,2.5133392267648546e-06,3.6145818218094744e-08,1.0506384495392877e-07,1.412096631720235e-07,-1.9146841530327205e-06,-6.659264576380321e-06,Post-Euro
"Lithuania, Republic of",2020,1,% of GDP (annualized),57352000000,2.1934785367118837e-06,-7.175140382746025e-06,2.420886012802517e-06,-7.837367564557471e-07,-1.9803753523198833e-06,-2.7641121087756304e-06,2.2916090539562696e-06,-2.3002223908930803e-06,-1.0708838765866927e-05,4.5066209330101814e-08,-1.0663772556536824e-05,-9.813051724438555e-08,7.899660447761193e-06,Post-Euro
"Lithuania, Republic of",2020,2,% of GDP (annualized),57352000000,1.9699988871890062e-05,3.05546442546086e-05,5.107151308276196e-06,-1.0585485985808013e-07,2.8246654948051262e-06,2.7188106349470463e-06,1.9262127695408883e-05,7.831569638992209e-07,1.0130263997768112e-05,6.237601321100222e-08,1.019264001097911e-05,4.378611764811732e-07,-7.47382937603207e-06,Post-Euro
"Lithuania, Republic of",2020,3,% of GDP (annualized),57352000000,-1.3341625099861712e-06,2.5474636743533687e-05,1.1005842021730715e-05,-1.0401820632394476e-06,8.803108330480095e-07,-1.5987123019143792e-07,3.4240651035392107e-06,6.2812028563638585e-06,9.723366589736057e-06,-3.733861470049901e-08,9.686027975035564e-06,-4.758227613525381e-06,-9.845899205226998e-06,Post-Euro
"Lithuania, Republic of",2020,4,% of GDP (annualized),57352000000,6.843899249976078e-06,1.5403266025301744e-05,2.3514359895705564e-06,-3.628115226026706e-06,1.1696029133985375e-06,-2.458512312628169e-06,6.829256334002389e-06,-5.260717158706996e-06,-3.2605447557325863e-07,2.9348230737041842e-06,2.6087685981309256e-06,1.4642915973689614e-08,-5.067280910759094e-06,Post-Euro
"Lithuania, Republic of",2021,1,% of GDP (annualized),67068000000,-1.7784921912940963e-06,1.5368040847810227e-05,-8.56169733802496e-06,-1.0480600589593344e-05,-1.3940504448931717e-08,-1.0494541094042273e-05,1.8230443189143926e-06,1.948796292036196e-07,-9.385624265919019e-06,-9.708052325003328e-08,-9.482704789169058e-06,-3.601536510208489e-06,-1.0118363048732187e-06,Post-Euro
"Lithuania, Republic of",2021,2,% of GDP (annualized),67068000000,3.608615535807638e-06,1.0128172786491614e-05,4.0797485325008594e-06,6.247276755266398e-06,1.5614056619152128e-06,7.808682417181614e-06,1.3747072556542441e-06,2.7569658721164233e-06,1.815922480003644e-07,-5.271569021159093e-08,1.2887655778877347e-07,2.2339082801533937e-06,7.679805859392836e-06,Post-Euro
"Lithuania, Republic of",2021,3,% of GDP (annualized),67068000000,4.0554548696845534e-06,2.2733016644346795e-06,1.7559998661693208e-06,-9.502379865934472e-07,1.520197986394652e-06,5.699599998012044e-07,6.237922894086772e-06,1.021597231665388e-06,4.059391931481626e-06,-2.0177441709997e-08,4.039214489771629e-06,-2.1824680244022186e-06,-3.469254489970425e-06,Post-Euro
"Lithuania, Republic of",2021,4,% of GDP (annualized),67068000000,1.6893381651549212e-06,1.1167500545624841e-05,-3.202840575065498e-05,7.374503288657106e-06,1.5099013983998706e-06,8.884404687056975e-06,5.520050561619256e-06,6.9203529922595804e-06,-4.799302651673468e-07,-1.699568311492153e-07,-6.498870963165623e-07,-3.830712396464336e-06,9.534291783373537e-06,Post-Euro
