COUNTRY,YEAR,QUARTER,UNIT,"Net (net acquisition of financial assets less net incurrence of liabilities) - Direct investment, Total financial assets/liabilities","Net (net acquisition of financial assets less net incurrence of liabilities) - Financial account balance, excluding reserves and related items",Net (net acquisition of financial assets less net incurrence of liabilities) - Financial derivatives (other than reserves) and employee stock options,"Net (net acquisition of financial assets less net incurrence of liabilities) - Other investment, Total financial assets/liabilities","Net (net acquisition of financial assets less net incurrence of liabilities) - Portfolio investment, Total financial assets/liabilities","Gross domestic product (GDP), Current prices, US dollar"
Cyprus,2001.0,1.0,"US dollar, Nominal (Current Prices)",-93836969.97081828,-603526503.5361909,0.0,-399922539.9730807,-109766993.5922917,10397000000.0
Cyprus,2001.0,2.0,"US dollar, Nominal (Current Prices)",-85728153.2048278,-446903275.1234976,0.0,-62793328.69553747,-298381793.2231323,10397000000.0
Cyprus,2001.0,3.0,"US dollar, Nominal (Current Prices)",-178450056.5488429,249792248.6155265,0.0,296821568.7606661,131420736.4037032,10397000000.0
Cyprus,2001.0,4.0,"US dollar, Nominal (Current Prices)",-337587980.107496,-164465273.570079,0.0,164856487.216261,8266219.321155944,10397000000.0
Cyprus,2002.0,1.0,"US dollar, Nominal (Current Prices)",-37660581.99821522,-800741801.508071,4414393.649668026,-584374386.9336396,-183121226.225884,11422000000.0
Cyprus,2002.0,2.0,"US dollar, Nominal (Current Prices)",-74507373.32056622,445475666.2693105,38935160.36048892,229161229.5503062,251886649.6790814,11422000000.0
Cyprus,2002.0,3.0,"US dollar, Nominal (Current Prices)",-353889223.8159501,77464878.8750833,-29783973.75723802,427417140.6426628,33720935.80560856,11422000000.0
Cyprus,2002.0,4.0,"US dollar, Nominal (Current Prices)",-89338725.01048511,-548062337.4807773,36697888.99762337,-969523276.9467356,474101775.4788201,11422000000.0
Cyprus,2003.0,1.0,"US dollar, Nominal (Current Prices)",-127850850.6923311,-95105587.7478696,8140065.364724879,-159471280.5543829,184076478.1341194,14552000000.0
Cyprus,2003.0,2.0,"US dollar, Nominal (Current Prices)",-69918190.87446696,90769270.4341292,-11021883.62766544,-172869543.2128579,344578888.1491195,14552000000.0
Cyprus,2003.0,3.0,"US dollar, Nominal (Current Prices)",-37904147.0591849,428989413.4956812,-19197926.00965732,734128690.6092961,-248037204.0447726,14552000000.0
Cyprus,2003.0,4.0,"US dollar, Nominal (Current Prices)",-82793399.75190677,-470623662.074664,5496806.867566637,168568743.9387102,-561895813.129034,14552000000.0
Cyprus,2004.0,1.0,"US dollar, Nominal (Current Prices)",-107200828.1750267,-69207231.5901814,14514407.68409819,739167556.0298826,-715688367.1291355,17328000000.0
Cyprus,2004.0,2.0,"US dollar, Nominal (Current Prices)",-51426501.62162307,-237009589.8311988,4526416.785599408,-136203996.0030367,-53905508.9921384,17328000000.0
Cyprus,2004.0,3.0,"US dollar, Nominal (Current Prices)",5655886.941283216,-110646120.643779,27650749.53474256,-387743716.7581839,243790959.6383791,17328000000.0
Cyprus,2004.0,4.0,"US dollar, Nominal (Current Prices)",-254151344.9899126,-495352869.3118136,-2017484.868863484,401479488.9038332,-640663528.3568707,17328000000.0
Cyprus,2005.0,1.0,"US dollar, Nominal (Current Prices)",-109462237.9667117,-309192332.4336482,9221772.379667116,493027440.3958614,-701979307.2424651,18713000000.0
Cyprus,2005.0,2.0,"US dollar, Nominal (Current Prices)",13977324.69415656,-145177024.802947,7620249.29192698,305027693.08542,-471802291.8744505,18713000000.0
Cyprus,2005.0,3.0,"US dollar, Nominal (Current Prices)",-82552503.19103667,382913388.1718902,1063678.910792795,362501772.7981844,101900439.6539497,18713000000.0
Cyprus,2005.0,4.0,"US dollar, Nominal (Current Prices)",-436315624.8388586,-1350038000.18761,-2695346.239966819,-2036645085.784158,1125618056.675374,18713000000.0
Cyprus,2006.0,1.0,"US dollar, Nominal (Current Prices)",49150631.53490307,-134837171.3271465,62158989.53845958,-572290605.2759696,326143812.8754605,20422000000.0
Cyprus,2006.0,2.0,"US dollar, Nominal (Current Prices)",-145928941.4366859,-392496974.3911512,107202350.322581,4963774.573117757,-358734157.850164,20422000000.0
Cyprus,2006.0,3.0,"US dollar, Nominal (Current Prices)",136747619.0115821,228184053.0861558,-43708384.46153766,-454701055.6459794,589845874.1820908,20422000000.0
Cyprus,2006.0,4.0,"US dollar, Nominal (Current Prices)",-1014080552.048322,-1970338065.621049,34923597.93650929,-582100433.5960749,-409080677.9131619,20422000000.0
Cyprus,2007.0,1.0,"US dollar, Nominal (Current Prices)",-77348373.17429684,495297908.7683596,-124505664.0624999,-423285527.2622264,1120437473.267382,24082000000.0
Cyprus,2007.0,2.0,"US dollar, Nominal (Current Prices)",22782289.07640935,-686449977.2420514,105289633.2258049,-120204439.5907531,-694317459.9535125,24082000000.0
Cyprus,2007.0,3.0,"US dollar, Nominal (Current Prices)",-87812570.6411796,388575693.6927837,-89161517.07692112,-1470247290.487948,2035797071.898832,24082000000.0
Cyprus,2007.0,4.0,"US dollar, Nominal (Current Prices)",-889624499.7555996,-2531188873.407987,-28392713.12499999,352591141.5624998,-1965762802.089888,24082000000.0
Cyprus,2008.0,1.0,"US dollar, Nominal (Current Prices)",-67466013.76648352,-474225286.1783127,170864841.1733003,-1267766014.038519,690141900.4533896,27955000000.0
Cyprus,2008.0,2.0,"US dollar, Nominal (Current Prices)",923027018.8040355,-431671584.5142113,127900867.549987,-2938095041.99057,1455495571.122336,27955000000.0
Cyprus,2008.0,3.0,"US dollar, Nominal (Current Prices)",2881899636.571282,-1399937305.156364,10164122.82790891,-8343973633.738192,4051972569.182638,27955000000.0
Cyprus,2008.0,4.0,"US dollar, Nominal (Current Prices)",877601013.6123843,-1575168283.780722,-100471941.257484,-13743885800.40488,11391588444.26926,27955000000.0
Cyprus,2009.0,1.0,"US dollar, Nominal (Current Prices)",-230106443.2493596,-20355292.90300297,-244656836.2883613,-8327675999.992004,8616153787.685787,26020000000.0
Cyprus,2009.0,2.0,"US dollar, Nominal (Current Prices)",1283283089.52862,-1289753457.882254,146541454.9456991,-4844575897.903237,2124997895.546662,26020000000.0
Cyprus,2009.0,3.0,"US dollar, Nominal (Current Prices)",-159746864.1446432,-1062669327.21759,50068292.51184222,-1360322594.699582,584379009.9656143,26020000000.0
Cyprus,2009.0,4.0,"US dollar, Nominal (Current Prices)",-2501193208.930022,-76839444.44597563,-11705790.41705566,-997987221.768848,3434046776.669949,26020000000.0
Cyprus,2010.0,1.0,"US dollar, Nominal (Current Prices)",2108704482.785634,-1415403725.422837,-63823575.28023607,-6073878598.053153,2613593965.124919,25821000000.0
Cyprus,2010.0,2.0,"US dollar, Nominal (Current Prices)",-3771188026.930188,-225351606.797494,-40816534.21022291,-6399788081.096019,9986441035.438936,25821000000.0
Cyprus,2010.0,3.0,"US dollar, Nominal (Current Prices)",1519413998.705891,-311552975.7195834,113525897.9699595,8584932411.061383,-10529425283.45682,25821000000.0
Cyprus,2010.0,4.0,"US dollar, Nominal (Current Prices)",810662577.8967482,-826166337.921203,86496707.8584452,-225119976.66486,-1498205647.011536,25821000000.0
Cyprus,2011.0,1.0,"US dollar, Nominal (Current Prices)",3121973625.167765,-1247367209.294364,119101823.1848287,-221404341.1746316,-4267038316.472327,27637000000.0
Cyprus,2011.0,2.0,"US dollar, Nominal (Current Prices)",-317656758.0632788,-205956499.5507264,-53369048.28898482,8382052503.624481,-8216983196.822944,27637000000.0
Cyprus,2011.0,3.0,"US dollar, Nominal (Current Prices)",2626067390.275617,-400082456.8683366,164964261.1275766,-6147505693.661957,2956391585.390428,27637000000.0
Cyprus,2011.0,4.0,"US dollar, Nominal (Current Prices)",1970850674.531721,529619534.0724702,-132924559.7793005,245073595.8742926,-1553380176.554243,27637000000.0
Cyprus,2012.0,1.0,"US dollar, Nominal (Current Prices)",-593752094.962128,-699410430.994591,334866825.298391,2784348174.403789,-3224873335.734641,25063000000.0
Cyprus,2012.0,2.0,"US dollar, Nominal (Current Prices)",2361372950.611236,-402300284.2348471,175128590.3316241,-2814204981.219251,-124596843.9584575,25063000000.0
Cyprus,2012.0,3.0,"US dollar, Nominal (Current Prices)",2934538576.280896,-87106018.20510137,-45834864.3004425,-1980792641.367463,-995017088.8180912,25063000000.0
Cyprus,2012.0,4.0,"US dollar, Nominal (Current Prices)",1188348532.142275,-265006446.4476458,66074058.33532761,1379309554.218562,-2898738591.143809,25063000000.0
Cyprus,2013.0,1.0,"US dollar, Nominal (Current Prices)",2917245985.50853,-683421316.9732203,76945509.08808114,11610652327.39865,-15288265138.96847,23960000000.0
Cyprus,2013.0,2.0,"US dollar, Nominal (Current Prices)",2995071988.744552,210745737.7729632,-48855109.17692633,-1754734769.462073,-1092501689.52161,23960000000.0
Cyprus,2013.0,3.0,"US dollar, Nominal (Current Prices)",575269129.2475841,238927123.2321836,-83717365.0825729,-421967705.478771,57969350.20958487,23960000000.0
Cyprus,2013.0,4.0,"US dollar, Nominal (Current Prices)",1466311330.993099,1117195870.85781,120590225.0419165,587680672.7331986,-1170960412.247812,23960000000.0
Cyprus,2014.0,1.0,"US dollar, Nominal (Current Prices)",2147947174.22787,-807221764.1252185,25633330.04092523,-1728857789.81875,-1251944478.575265,23232000000.0
Cyprus,2014.0,2.0,"US dollar, Nominal (Current Prices)",3159483231.898346,-543223811.940641,-11638690.50429323,-1653961071.476662,-2151014704.420884,23232000000.0
Cyprus,2014.0,3.0,"US dollar, Nominal (Current Prices)",695056346.3930093,906843637.0925746,554265736.5511619,-256418769.7441754,-198710457.0144871,23232000000.0
Cyprus,2014.0,4.0,"US dollar, Nominal (Current Prices)",2909423086.338323,445390144.7643973,79748603.20845705,-1655168435.866196,-888613108.9161859,23232000000.0
Cyprus,2015.0,1.0,"US dollar, Nominal (Current Prices)",1804109485.079509,214380979.0617907,370789747.1840525,-1430856850.944177,-529661402.2575956,19911000000.0
Cyprus,2015.0,2.0,"US dollar, Nominal (Current Prices)",3031460482.721379,541586754.3958668,-395270500.494884,229282944.2148561,-2631575057.491637,19911000000.0
Cyprus,2015.0,3.0,"US dollar, Nominal (Current Prices)",716098014.2744235,809822740.497597,,-921294226.4378866,1606524123.366164,19911000000.0
Cyprus,2015.0,4.0,"US dollar, Nominal (Current Prices)",5978103289.486187,-1222889315.459864,-207702786.1477389,-5963972691.235696,-1029317127.562616,19911000000.0
Cyprus,2016.0,1.0,"US dollar, Nominal (Current Prices)",-5670948010.434961,541005842.2992057,,1790555052.868189,1742645719.968194,21041000000.0
Cyprus,2016.0,2.0,"US dollar, Nominal (Current Prices)",2519843672.895966,-1189363706.633065,,878817101.9709045,-2585519134.404141,21041000000.0
Cyprus,2016.0,3.0,"US dollar, Nominal (Current Prices)",1050896913.007585,574011833.7640642,-91414047.41708228,2508666464.502443,-2894137496.328882,21041000000.0
Cyprus,2016.0,4.0,"US dollar, Nominal (Current Prices)",-4242088646.949309,-190121696.3155254,-111841135.9108313,1696781758.791101,2467026327.753513,21041000000.0
Cyprus,2017.0,1.0,"US dollar, Nominal (Current Prices)",1360953952.378533,-987845663.4546592,105354810.8002304,-4320181774.88817,1866027348.254746,22938000000.0
Cyprus,2017.0,2.0,"US dollar, Nominal (Current Prices)",4704718742.153351,-595107543.1611582,-29031832.73631273,-2701875399.768422,-2568919052.809773,22938000000.0
Cyprus,2017.0,3.0,"US dollar, Nominal (Current Prices)",-2730049300.358774,186675803.4763374,249798686.8138199,1674267598.419341,1310461018.818168,22938000000.0
Cyprus,2017.0,4.0,"US dollar, Nominal (Current Prices)",8358273286.213449,-766584711.0283908,78939113.18006536,-5990425894.469251,-3213371215.952654,22938000000.0
Cyprus,2018.0,1.0,"US dollar, Nominal (Current Prices)",14079413727.36241,149702340.336524,638508199.9141798,-11598361473.99947,-2969858112.940598,25766000000.0
Cyprus,2018.0,2.0,"US dollar, Nominal (Current Prices)",4548495676.153299,-305858226.8865096,473025079.1699201,-2390873993.920535,-2936504988.289195,25766000000.0
Cyprus,2018.0,3.0,"US dollar, Nominal (Current Prices)",6034019477.851913,543181023.6699561,513286958.8589469,-3393977062.279146,-2610148350.761762,25766000000.0
Cyprus,2018.0,4.0,"US dollar, Nominal (Current Prices)",1196067299.579343,-805274846.4271132,870657642.9557744,-4397636573.746617,1525636784.784384,25766000000.0
Cyprus,2019.0,1.0,"US dollar, Nominal (Current Prices)",1178052626.867339,-1013306602.34793,-756710795.0089064,-625861864.4592961,-808786569.7470605,26200000000.0
Cyprus,2019.0,2.0,"US dollar, Nominal (Current Prices)",-41364087.50241436,218320660.315352,-679852051.0466471,1594686772.449461,-655149973.5850492,26200000000.0
Cyprus,2019.0,3.0,"US dollar, Nominal (Current Prices)",-3199931657.390661,61061084.00453117,-675891172.0656207,-528086473.4642712,4464970386.925081,26200000000.0
Cyprus,2019.0,4.0,"US dollar, Nominal (Current Prices)",250176905.159953,-520515888.3131493,-818249954.9212192,-828225248.2824222,875782409.7305391,26200000000.0
Cyprus,2020.0,1.0,"US dollar, Nominal (Current Prices)",-3075019339.407286,-1766507829.627548,235036161.2314466,3940138061.224042,-2076419551.572022,25535000000.0
Cyprus,2020.0,2.0,"US dollar, Nominal (Current Prices)",-9091941384.176931,440470277.289207,-376017039.6867174,3903322167.345993,6005106533.806865,25535000000.0
Cyprus,2020.0,3.0,"US dollar, Nominal (Current Prices)",-5906057957.979948,195639918.0817964,-296048370.8636123,5889411813.413446,508334433.5119105,25535000000.0
Cyprus,2020.0,4.0,"US dollar, Nominal (Current Prices)",-4076455557.901647,-1318766518.189603,-193429332.2816538,1724724480.806561,1226393891.187137,25535000000.0
Cyprus,2021.0,1.0,"US dollar, Nominal (Current Prices)",-3340712046.702312,-142208161.3556316,-150309408.3811732,3627912416.361259,-279099122.6334065,30393000000.0
Cyprus,2021.0,2.0,"US dollar, Nominal (Current Prices)",-1007660242.158797,-508978066.7092253,-92517830.16544104,116460022.6057258,474739983.0092867,30393000000.0
Cyprus,2021.0,3.0,"US dollar, Nominal (Current Prices)",-463922101.9137075,-443078593.1321323,9908011.114857908,-602393775.7466238,614214535.519178,30393000000.0
Cyprus,2021.0,4.0,"US dollar, Nominal (Current Prices)",547798843.1395133,-559172644.9309398,-385090783.7332897,-1459764201.383023,737883497.0458596,30393000000.0
Cyprus,2022.0,1.0,"US dollar, Nominal (Current Prices)",-1391290464.759436,-683816906.4700106,70038595.77352509,2329956737.501063,-1692521774.985162,31001000000.0
Cyprus,2022.0,2.0,"US dollar, Nominal (Current Prices)",864078159.2916822,-2007219018.026981,-264049325.4791702,-3102540736.303223,495292884.4637302,31001000000.0
Cyprus,2022.0,3.0,"US dollar, Nominal (Current Prices)",-2448962090.0157,555641032.9026697,-73699956.67235664,157205042.1184716,2921098037.472255,31001000000.0
Cyprus,2022.0,4.0,"US dollar, Nominal (Current Prices)",-2505787463.207054,558268712.6828516,49139333.45940229,584633622.4356242,2430283219.994877,31001000000.0
Cyprus,2023.0,1.0,"US dollar, Nominal (Current Prices)",-1692563038.602535,-1306782611.1014,-130710880.695723,801425431.1559644,-284934122.959106,33897000000.0
Cyprus,2023.0,2.0,"US dollar, Nominal (Current Prices)",-6340173588.471903,-941588214.0487028,97943349.56703337,3622970683.073243,1677671341.782925,33897000000.0
Cyprus,2023.0,3.0,"US dollar, Nominal (Current Prices)",-2386059145.087246,-396421388.5048774,11876732.38803281,-504721767.7783916,2482482791.972728,33897000000.0
Cyprus,2023.0,4.0,"US dollar, Nominal (Current Prices)",-1808204500.92627,-461760820.1865854,10220512.12906864,1077263622.772284,258959545.8383314,33897000000.0
Cyprus,2024.0,1.0,"US dollar, Nominal (Current Prices)",914136973.4492036,-958568610.363666,13965786.41810906,-2318706616.972806,432035246.7418275,36156000000.0
Cyprus,2024.0,2.0,"US dollar, Nominal (Current Prices)",-2210151615.549822,-324864299.3855655,220612677.7042417,1354577436.469241,310097201.990773,36156000000.0
Cyprus,2024.0,3.0,"US dollar, Nominal (Current Prices)",-1042267231.562431,-66297022.89976966,-70034813.72794196,189812960.342063,856192062.0485398,36156000000.0
Cyprus,2024.0,4.0,"US dollar, Nominal (Current Prices)",-3241485873.309904,-1721062980.629143,-15250523.4129015,-689846074.2269074,2225519490.320569,36156000000.0
Cyprus,2025.0,1.0,"US dollar, Nominal (Current Prices)",-2773444281.432554,-873826836.8862034,9883967.144192738,-329239995.8394367,2218973473.241594,38736000000.0
"Estonia, Republic of",1999.0,1.0,"US dollar, Nominal (Current Prices)",-100653407.0510519,-7201838.15609966,,237675019.7458175,-144180369.0672794,5771000000.0
"Estonia, Republic of",1999.0,2.0,"US dollar, Nominal (Current Prices)",-91931908.29788788,-142689784.4423621,,-51616231.70643801,858355.5619638113,5771000000.0
"Estonia, Republic of",1999.0,3.0,"US dollar, Nominal (Current Prices)",-7089600.578961695,-24170311.23659247,,-40225777.19802179,23145066.54039102,5771000000.0
"Estonia, Republic of",1999.0,4.0,"US dollar, Nominal (Current Prices)",-22596419.79952653,-244099749.9612777,,-320671342.9070881,99168012.74533688,5771000000.0
"Estonia, Republic of",2000.0,1.0,"US dollar, Nominal (Current Prices)",-46947072.37400083,69252613.88789874,2108703.896303964,129483258.1116707,-15392275.74607504,5707000000.0
"Estonia, Republic of",2000.0,2.0,"US dollar, Nominal (Current Prices)",-35818096.39091524,-130801452.5531172,2263641.576147553,88359666.16761716,-185606663.9059667,5707000000.0
"Estonia, Republic of",2000.0,3.0,"US dollar, Nominal (Current Prices)",-116008582.9463103,-88420541.23457932,-2700967.605739701,-30792187.43674126,61081196.75421195,5707000000.0
"Estonia, Republic of",2000.0,4.0,"US dollar, Nominal (Current Prices)",-125111096.2982713,-242900946.5404613,-2338577.078611741,-164211438.47487,48760165.31129183,5707000000.0
"Estonia, Republic of",2001.0,1.0,"US dollar, Nominal (Current Prices)",-175393800.99825,81172088.20301282,3919018.873467645,334674768.3751647,-82027898.04736947,6265000000.0
"Estonia, Republic of",2001.0,2.0,"US dollar, Nominal (Current Prices)",-14511003.19141609,-39715499.50389112,-1439938.008994366,-66968279.72838527,43203721.42490461,6265000000.0
"Estonia, Republic of",2001.0,3.0,"US dollar, Nominal (Current Prices)",-46015186.45211,-55909702.57008719,-2388331.476753114,-54869072.42664476,47362887.78542069,6265000000.0
"Estonia, Republic of",2001.0,4.0,"US dollar, Nominal (Current Prices)",-106513483.0817384,-254981965.3046819,2066833.33651406,-176173209.4123937,25637893.85293617,6265000000.0
"Estonia, Republic of",2002.0,1.0,"US dollar, Nominal (Current Prices)",-96100184.90502603,-206639771.3901497,196111.3912702415,-174331820.4740292,63596122.59763546,7393000000.0
"Estonia, Republic of",2002.0,2.0,"US dollar, Nominal (Current Prices)",-9861223.27663242,-117618992.6808328,639424.9477411861,6435313.464881479,-114832507.8168231,7393000000.0
"Estonia, Republic of",2002.0,3.0,"US dollar, Nominal (Current Prices)",1935569.013299709,-159225688.6038141,6284.314978245809,-54623265.79091258,-106544276.1411795,7393000000.0
"Estonia, Republic of",2002.0,4.0,"US dollar, Nominal (Current Prices)",-48551986.34355496,-268033305.6993488,3145585.630896634,-227453972.3674363,4827067.380745852,7393000000.0
"Estonia, Republic of",2003.0,1.0,"US dollar, Nominal (Current Prices)",-301659118.5714299,-343807690.4000015,-5365690.476190499,310566164.7619061,-347349046.1142872,9894000000.0
"Estonia, Republic of",2003.0,2.0,"US dollar, Nominal (Current Prices)",-143519728.7096718,-242704143.4435388,568620.1612903001,-414751545.6451449,314998510.7499876,9894000000.0
"Estonia, Republic of",2003.0,3.0,"US dollar, Nominal (Current Prices)",-214041943.3333323,-236988184.4575746,4386566.363636341,-93355130.30302984,66022322.81515118,9894000000.0
"Estonia, Republic of",2003.0,4.0,"US dollar, Nominal (Current Prices)",-104155168.125,-468557956.221875,2259073.28125,-149812228.125,-216849633.253125,9894000000.0
"Estonia, Republic of",2004.0,1.0,"US dollar, Nominal (Current Prices)",-159589882.5000001,-285183495.8250002,-5498790.000000002,-174086692.5000001,53991869.17500002,12161000000.0
"Estonia, Republic of",2004.0,2.0,"US dollar, Nominal (Current Prices)",-141902814.9206305,-548547134.4793481,3252441.428571328,21682942.85714219,-431579703.8444311,12161000000.0
"Estonia, Republic of",2004.0,3.0,"US dollar, Nominal (Current Prices)",-65376351.51515263,-325338386.8848541,4887951.515151599,-438327052.1212196,173477065.2363666,12161000000.0
"Estonia, Republic of",2004.0,4.0,"US dollar, Nominal (Current Prices)",-331686698.1818213,-565002855.8484902,-2335821.81818184,304954515.151518,-535934851.000005,12161000000.0
"Estonia, Republic of",2005.0,1.0,"US dollar, Nominal (Current Prices)",-1120371963.870927,-500036798.9032075,-3671630.967741801,136660727.2128982,487346068.7225628,14129000000.0
"Estonia, Republic of",2005.0,2.0,"US dollar, Nominal (Current Prices)",-1065049859.538488,-143164009.6753883,5037483.076923202,-732830369.3569413,1649678736.143118,14129000000.0
"Estonia, Republic of",2005.0,3.0,"US dollar, Nominal (Current Prices)",-214462149.0909069,-309908784.7272697,5855621.81818176,-540555628.5393885,439253371.0848441,14129000000.0
"Estonia, Republic of",2005.0,4.0,"US dollar, Nominal (Current Prices)",187646632.9687499,-582424725.9749998,475355.6249999998,-432930135.4687498,-337616579.0999999,14129000000.0
"Estonia, Republic of",2006.0,1.0,"US dollar, Nominal (Current Prices)",-218818879.9999931,-405323501.5507564,-7814959.999999754,-1135912852.110733,957223190.5599698,17049000000.0
"Estonia, Republic of",2006.0,2.0,"US dollar, Nominal (Current Prices)",97891348.06451644,-632086195.9935503,-3523081.935483882,-809176425.9677444,82721963.84516154,17049000000.0
"Estonia, Republic of",2006.0,3.0,"US dollar, Nominal (Current Prices)",-34406016.92307629,-816424198.4584465,3568031.384615319,-1327826313.924591,542240101.0046054,17049000000.0
"Estonia, Republic of",2006.0,4.0,"US dollar, Nominal (Current Prices)",-156705147.936514,-1195378054.846078,2190779.206349291,-722913322.5111392,-317950363.6047742,17049000000.0
"Estonia, Republic of",2007.0,1.0,"US dollar, Nominal (Current Prices)",-229821728.8281249,-844759135.3906248,12319507.81249999,-749706269.1015621,122449354.7265624,22478000000.0
"Estonia, Republic of",2007.0,2.0,"US dollar, Nominal (Current Prices)",254771253.354835,-691347100.5419255,-16312478.38709654,-1125784799.735468,195978924.2258036,22478000000.0
"Estonia, Republic of",2007.0,3.0,"US dollar, Nominal (Current Prices)",-229436350.6846103,-1375965535.223047,42588706.15384522,-1361669468.247662,172551577.5553808,22478000000.0
"Estonia, Republic of",2007.0,4.0,"US dollar, Nominal (Current Prices)",-441219864.7468748,-424782511.8984373,32883397.34374998,827155.0609374996,-17273199.55624999,22478000000.0
"Estonia, Republic of",2008.0,1.0,"US dollar, Nominal (Current Prices)",-457279666.5709825,-1048317765.254873,-75928483.54838955,-353579628.8032372,-161529986.3322633,24434000000.0
"Estonia, Republic of",2008.0,2.0,"US dollar, Nominal (Current Prices)",-4930342.649999997,-687114172.7249995,624884.9999999997,-443090331.3749997,-239718383.6999999,24434000000.0
"Estonia, Republic of",2008.0,3.0,"US dollar, Nominal (Current Prices)",-107959795.2954526,-284455315.5454495,55685840.90908992,-408509823.8863564,176328462.7272696,24434000000.0
"Estonia, Republic of",2008.0,4.0,"US dollar, Nominal (Current Prices)",-117255514.6125,-554319883.575,-52586267.34375001,118810697.45625,-503288799.0750001,24434000000.0
"Estonia, Republic of",2009.0,1.0,"US dollar, Nominal (Current Prices)",-13403826.94603157,285572650.1238056,-13336078.20952363,206835589.6984099,105476965.580951,19694000000.0
"Estonia, Republic of",2009.0,2.0,"US dollar, Nominal (Current Prices)",58892478.63548303,19546762.9080641,-29710697.92741893,-493080351.366122,483445333.5661221,19694000000.0
"Estonia, Republic of",2009.0,3.0,"US dollar, Nominal (Current Prices)",190549462.4590848,872956025.0205572,-23717309.97272652,505872972.2454384,201741595.5272663,19694000000.0
"Estonia, Republic of",2009.0,4.0,"US dollar, Nominal (Current Prices)",-739351369.8323195,104537869.7169248,48370121.02153924,-514683330.9369313,1310202449.464636,19694000000.0
"Estonia, Republic of",2010.0,1.0,"US dollar, Nominal (Current Prices)",-276173629.4603104,217214732.4952325,-5075272.126983996,538298297.193637,-39834663.11111009,19569000000.0
"Estonia, Republic of",2010.0,2.0,"US dollar, Nominal (Current Prices)",-239075242.0650807,-143153889.1571437,-13830851.63809531,-139257767.2238103,249009971.7698426,19569000000.0
"Estonia, Republic of",2010.0,3.0,"US dollar, Nominal (Current Prices)",-245864251.1424255,1080699382.760612,-18623243.25757585,1045128665.378793,300058211.7818197,19569000000.0
"Estonia, Republic of",2010.0,4.0,"US dollar, Nominal (Current Prices)",-589719954.3333344,989715439.1242445,-3507052.357575765,1637995833.172731,-55053387.35757587,19569000000.0
"Estonia, Republic of",2011.0,1.0,"US dollar, Nominal (Current Prices)",-141083447.9937499,117248974.5578123,38031463.92656247,525808483.9968747,-305507525.3718748,23300000000.0
"Estonia, Republic of",2011.0,2.0,"US dollar, Nominal (Current Prices)",-323896858.2142846,265329916.8142849,21403167.70952374,530868497.6047601,36955109.71428559,23300000000.0
"Estonia, Republic of",2011.0,3.0,"US dollar, Nominal (Current Prices)",-1818100768.096931,410107689.6969612,-6430624.193939257,2865913907.296909,-631274825.3090775,23300000000.0
"Estonia, Republic of",2011.0,4.0,"US dollar, Nominal (Current Prices)",-207316531.5343751,609814854.260938,13462672.709375,1541992368.46875,-738323655.3828127,23300000000.0
"Estonia, Republic of",2012.0,1.0,"US dollar, Nominal (Current Prices)",-103186681.7923095,25047207.35384659,-30686368.23076977,8795622.846154002,150124634.5307719,23252000000.0
"Estonia, Republic of",2012.0,2.0,"US dollar, Nominal (Current Prices)",-323772791.6564425,75940850.81128813,-14480056.93548346,661332391.5048201,-247138692.101606,23252000000.0
"Estonia, Republic of",2012.0,3.0,"US dollar, Nominal (Current Prices)",-194984399.4815361,31427398.8969227,-24879867.84615355,-62437216.09230695,313728882.3169193,23252000000.0
"Estonia, Republic of",2012.0,4.0,"US dollar, Nominal (Current Prices)",116067057.5625,435502376.0999999,-9520325.512499996,397020395.6812499,-68064751.63124998,23252000000.0
"Estonia, Republic of",2013.0,1.0,"US dollar, Nominal (Current Prices)",109239792.2903256,-33969219.96774285,-5757942.580645318,-159222959.9032302,21709820.66129091,25451000000.0
"Estonia, Republic of",2013.0,2.0,"US dollar, Nominal (Current Prices)",-386762157.6825259,286161413.5301485,-12427488.83174559,967162721.8602833,-281866523.5491963,25451000000.0
"Estonia, Republic of",2013.0,3.0,"US dollar, Nominal (Current Prices)",-59789320.63030361,80455778.97272806,-36030904.81818217,-77317475.2454553,253506083.8666691,25451000000.0
"Estonia, Republic of",2013.0,4.0,"US dollar, Nominal (Current Prices)",90612666.61406244,230250543.5312498,-77245124.12343745,-511320068.5937496,728162240.2437495,25451000000.0
"Estonia, Republic of",2014.0,1.0,"US dollar, Nominal (Current Prices)",-181967904.1460256,-254218718.0126898,13463480.06349161,84239200.5396797,-170243856.3999943,27063000000.0
"Estonia, Republic of",2014.0,2.0,"US dollar, Nominal (Current Prices)",-114354308.5887129,125827443.9435519,-51311020.25806597,-274307749.0645239,565804635.0725967,27063000000.0
"Estonia, Republic of",2014.0,3.0,"US dollar, Nominal (Current Prices)",-267268502.8227293,76857241.65000059,-13685072.05454556,513831772.6454584,-156015653.8818194,27063000000.0
"Estonia, Republic of",2014.0,4.0,"US dollar, Nominal (Current Prices)",-81344787.89062501,378778306.6406251,-44253084.37500001,97077329.29687504,407298849.6093751,27063000000.0
"Estonia, Republic of",2015.0,1.0,"US dollar, Nominal (Current Prices)",-211798191.7142937,93513776.71428928,-83001233.14286026,312647663.0000117,75661034.00000285,23314000000.0
"Estonia, Republic of",2015.0,2.0,"US dollar, Nominal (Current Prices)",427634863.7741799,445948098.4386954,18994081.58064455,321696852.0580542,-322379909.5161187,23314000000.0
"Estonia, Republic of",2015.0,3.0,"US dollar, Nominal (Current Prices)",-164030627.4,292826396.4,-3460566.45,-17675235.0,477992825.25,23314000000.0
"Estonia, Republic of",2015.0,4.0,"US dollar, Nominal (Current Prices)",88540593.71384868,108786673.8830801,-27330291.50461617,-320199123.5723168,367774399.9753951,23314000000.0
"Estonia, Republic of",2016.0,1.0,"US dollar, Nominal (Current Prices)",-234248148.2999896,-266107977.0386979,-15036745.9838703,-637808182.9838427,620981794.2386822,24554000000.0
"Estonia, Republic of",2016.0,2.0,"US dollar, Nominal (Current Prices)",65615351.2584624,182033873.2353869,8109039.296923183,-735114167.6184711,843420262.5923187,24554000000.0
"Estonia, Republic of",2016.0,3.0,"US dollar, Nominal (Current Prices)",-20797211.17424264,250861823.484851,7177689.848484923,-212214184.507578,476689946.1742474,24554000000.0
"Estonia, Republic of",2016.0,4.0,"US dollar, Nominal (Current Prices)",-370573478.0859375,144441645.8203125,-6299961.679687501,-260039846.6015625,781319326.9921876,24554000000.0
"Estonia, Republic of",2017.0,1.0,"US dollar, Nominal (Current Prices)",-55315135.35692188,327059828.5015314,19497496.45846112,-96867770.48307484,459706905.1938362,27460000000.0
"Estonia, Republic of",2017.0,2.0,"US dollar, Nominal (Current Prices)",-197621943.8532275,216339428.6000019,12093679.56935494,-412204576.2048422,813957647.5016199,27460000000.0
"Estonia, Republic of",2017.0,3.0,"US dollar, Nominal (Current Prices)",-563730644.3769269,199134765.9000013,11258614.73076931,-154927230.7923088,906452978.4076984,27460000000.0
"Estonia, Republic of",2017.0,4.0,"US dollar, Nominal (Current Prices)",-268531069.3999968,172337479.1571409,-911296.542857132,-401301324.2428524,836863395.3857044,27460000000.0
"Estonia, Republic of",2018.0,1.0,"US dollar, Nominal (Current Prices)",64693547.85714363,-52687811.92857195,16114999.28571448,-370830594.9285759,237829609.2142886,31237000000.0
"Estonia, Republic of",2018.0,2.0,"US dollar, Nominal (Current Prices)",-890412747.761922,176357271.3428606,12377203.06666691,1198640610.538118,-144302603.0619076,31237000000.0
"Estonia, Republic of",2018.0,3.0,"US dollar, Nominal (Current Prices)",-220925708.4738389,-54504032.2061521,10713811.8738458,-539931695.6030593,695604672.9507465,31237000000.0
"Estonia, Republic of",2018.0,4.0,"US dollar, Nominal (Current Prices)",-441840778.7500001,121231704.4500001,18912063.7125,328739355.5375001,213646167.5125,31237000000.0
"Estonia, Republic of",2019.0,1.0,"US dollar, Nominal (Current Prices)",-179343987.4285669,-70627946.2857125,-6774876.571428399,47285571.88571308,68198531.19999826,31877000000.0
"Estonia, Republic of",2019.0,2.0,"US dollar, Nominal (Current Prices)",-57623336.00000001,213916521.6000001,-8092887.400000002,454756895.2000001,-175158984.9,31877000000.0
"Estonia, Republic of",2019.0,3.0,"US dollar, Nominal (Current Prices)",-803852088.987861,204053666.2151471,-364717.1151515071,773467150.3030132,234788866.7636312,31877000000.0
"Estonia, Republic of",2019.0,4.0,"US dollar, Nominal (Current Prices)",-178473277.24375,4962050.2125,-20937593.4,95120354.78749998,109237066.58125,31877000000.0
"Estonia, Republic of",2020.0,1.0,"US dollar, Nominal (Current Prices)",-539409601.3546875,-39545831.8625,-24571696.33124999,567723728.9078124,-43256285.91718749,31795000000.0
"Estonia, Republic of",2020.0,2.0,"US dollar, Nominal (Current Prices)",-514406085.1483842,263171599.0967726,-27250056.63870952,-1519015808.309669,2322007493.883858,31795000000.0
"Estonia, Republic of",2020.0,3.0,"US dollar, Nominal (Current Prices)",-1212588119.76666,-277661856.453029,-2700183.499999986,120841978.4545448,816782130.5378746,31795000000.0
"Estonia, Republic of",2020.0,4.0,"US dollar, Nominal (Current Prices)",-1168268687.003115,-457571991.8769378,3923443.040000127,565276408.172326,146219528.9230816,31795000000.0
"Estonia, Republic of",2021.0,1.0,"US dollar, Nominal (Current Prices)",-1605075105.990451,-941878782.5618902,1950648.295238065,374529292.0761847,286722407.2952337,37229000000.0
"Estonia, Republic of",2021.0,2.0,"US dollar, Nominal (Current Prices)",-361723187.2222089,-828726241.1999694,2948289.666666558,-1409347576.266615,939367292.3555208,37229000000.0
"Estonia, Republic of",2021.0,3.0,"US dollar, Nominal (Current Prices)",-23281270.07575789,-261195382.7395319,-7645686.972727375,242969228.5030335,-467994786.4697032,37229000000.0
"Estonia, Republic of",2021.0,4.0,"US dollar, Nominal (Current Prices)",778083513.5985136,3280491804.09709,-33379516.8636376,446609702.2500165,2089160952.225835,37229000000.0
"Estonia, Republic of",2022.0,1.0,"US dollar, Nominal (Current Prices)",-1820342313.234375,-873769694.4375,-59405526.184375,592618384.159375,409464150.9875,38406000000.0
"Estonia, Republic of",2022.0,2.0,"US dollar, Nominal (Current Prices)",2574267707.304808,-86333726.2238111,-37355458.09047686,-2918075900.685767,294502012.314291,38406000000.0
"Estonia, Republic of",2022.0,3.0,"US dollar, Nominal (Current Prices)",-221322892.4878775,-311782191.5727254,-90063563.56666614,-262868073.1727257,242597956.1727259,38406000000.0
"Estonia, Republic of",2022.0,4.0,"US dollar, Nominal (Current Prices)",-697285764.2374997,-552632334.0187498,23838297.48124999,1961262528.793749,-1838157351.981249,38406000000.0
"Estonia, Republic of",2023.0,1.0,"US dollar, Nominal (Current Prices)",-781177451.1661872,-595067752.8000253,-196025348.2338545,847553611.8431131,-465994769.5477122,41303000000.0
"Estonia, Republic of",2023.0,2.0,"US dollar, Nominal (Current Prices)",-298390592.5564614,-308858241.4516231,-103022785.5016163,139319344.4371013,-47036377.58871122,41303000000.0
"Estonia, Republic of",2023.0,3.0,"US dollar, Nominal (Current Prices)",33031930.4307704,-680991319.4077165,11308875.61538502,-1700919110.423137,978895837.8923424,41303000000.0
"Estonia, Republic of",2023.0,4.0,"US dollar, Nominal (Current Prices)",-2098615373.166716,260929690.6825458,-52374726.25396947,2644149601.539744,-224075153.8571481,41303000000.0
"Estonia, Republic of",2024.0,1.0,"US dollar, Nominal (Current Prices)",496117933.8412691,-4648255.4380953,-43467323.04444438,-247524759.5682536,-209713302.5777775,42752000000.0
"Estonia, Republic of",2024.0,2.0,"US dollar, Nominal (Current Prices)",402678332.8317607,16798945.8158737,-38428046.15873155,737161688.5968522,-1084673325.631785,42752000000.0
"Estonia, Republic of",2024.0,3.0,"US dollar, Nominal (Current Prices)",-837234691.2909434,262781346.6909201,-20902612.3454554,1215736616.727323,-94657607.96364024,42752000000.0
"Estonia, Republic of",2024.0,4.0,"US dollar, Nominal (Current Prices)",-331932273.2250001,226748501.05,-3873066.575000001,402788242.4250001,160015542.6,42752000000.0
"Estonia, Republic of",2025.0,1.0,"US dollar, Nominal (Current Prices)",1562641546.071473,-431872438.4127106,29631825.47619132,-2326684453.96832,302631250.0396911,45004000000.0
"Latvia, Republic of",1999.0,1.0,"US dollar, Nominal (Current Prices)",-62600000.0,-157900000.0,0.0,-68200000.0,-22900000.0,7325000000.0
"Latvia, Republic of",1999.0,2.0,"US dollar, Nominal (Current Prices)",-82000000.0,-210900000.0,0.0,5300000.0,-130100000.0,7325000000.0
"Latvia, Republic of",1999.0,3.0,"US dollar, Nominal (Current Prices)",-38200000.0,-42900000.00000002,0.0,-42900000.0,42300000.0,7325000000.0
"Latvia, Republic of",1999.0,4.0,"US dollar, Nominal (Current Prices)",-147800000.0,-356700000.0,0.0,-43700000.0,-162600000.0,7325000000.0
"Latvia, Republic of",2000.0,1.0,"US dollar, Nominal (Current Prices)",-80889089.23076849,-46363258.46153804,0.0,-41430996.92307654,77929732.30769159,7765000000.0
"Latvia, Republic of",2000.0,2.0,"US dollar, Nominal (Current Prices)",-68123482.25806661,-22396761.29032327,933198.3870968028,34528340.32258171,11198380.64516163,7765000000.0
"Latvia, Republic of",2000.0,3.0,"US dollar, Nominal (Current Prices)",-58840500.00000267,-82376700.00000374,-905238.4615385026,-56124784.61538716,36209538.4615401,7765000000.0
"Latvia, Republic of",2000.0,4.0,"US dollar, Nominal (Current Prices)",-109406000.0000014,-171055412.6984149,-1736603.174603196,-189289746.0317484,130245238.0952397,7765000000.0
"Latvia, Republic of",2001.0,1.0,"US dollar, Nominal (Current Prices)",-6462509.375000011,-50776859.37500009,1846431.250000003,-72010818.75000013,26773253.12500005,8192000000.0
"Latvia, Republic of",2001.0,2.0,"US dollar, Nominal (Current Prices)",-68928901.61290449,-56713653.2258075,-1745035.483871,-155308158.064519,172758512.903229,8192000000.0
"Latvia, Republic of",2001.0,3.0,"US dollar, Nominal (Current Prices)",-80124369.23077227,-184286049.2307762,0.0,-89917347.6923111,-11573520.00000044,8192000000.0
"Latvia, Republic of",2001.0,4.0,"US dollar, Nominal (Current Prices)",66295073.01587568,-429126215.8730332,-895879.3650794011,-200676977.7777858,-293848431.7460436,8192000000.0
"Latvia, Republic of",2002.0,1.0,"US dollar, Nominal (Current Prices)",-29804290.32257908,-52595806.45161014,0.0,-54348999.99999715,33310677.41935309,9256000000.0
"Latvia, Republic of",2002.0,2.0,"US dollar, Nominal (Current Prices)",-87287658.73016246,-59723134.92063756,1837634.920634999,-60641952.38095497,88206476.19047996,9256000000.0
"Latvia, Republic of",2002.0,3.0,"US dollar, Nominal (Current Prices)",-76732618.18181705,-236100363.6363601,-2951254.545454502,-177075272.7272701,22626284.84848452,9256000000.0
"Latvia, Republic of",2002.0,4.0,"US dollar, Nominal (Current Prices)",-12991712.49999999,-216861662.4999998,0.0,-225855924.9999998,21985974.99999998,9256000000.0
"Latvia, Republic of",2003.0,1.0,"US dollar, Nominal (Current Prices)",-91216738.09523848,43998661.90476206,6438828.571428599,79412219.04761939,50437490.47619069,11249000000.0
"Latvia, Republic of",2003.0,2.0,"US dollar, Nominal (Current Prices)",-81881303.22580323,-280898359.6774082,-6823441.935483602,-228585304.8387007,39803411.29032101,11249000000.0
"Latvia, Republic of",2003.0,3.0,"US dollar, Nominal (Current Prices)",-10122845.4545454,-329554857.5757559,0.0,-460027087.8787856,142844596.9696962,11249000000.0
"Latvia, Republic of",2003.0,4.0,"US dollar, Nominal (Current Prices)",-47559437.49999999,-299624456.25,-2377971.875,-210450510.9375,-35669578.125,11249000000.0
"Latvia, Republic of",2004.0,1.0,"US dollar, Nominal (Current Prices)",-92479650.00000004,-271190325.0000001,9997800.000000004,-103727175.0,-84981300.00000003,13831000000.0
"Latvia, Republic of",2004.0,2.0,"US dollar, Nominal (Current Prices)",-107210106.349203,-517981412.6983967,4818431.746031597,-243330803.1745957,-173463542.8571375,13831000000.0
"Latvia, Republic of",2004.0,3.0,"US dollar, Nominal (Current Prices)",-116088848.4848505,-475353284.848493,-3665963.636363699,-556004484.8484944,199184024.2424277,13831000000.0
"Latvia, Republic of",2004.0,4.0,"US dollar, Nominal (Current Prices)",-190758781.8181836,-660518503.0303092,28548933.3333336,-336098806.0606092,-162209848.48485,13831000000.0
"Latvia, Republic of",2005.0,1.0,"US dollar, Nominal (Current Prices)",-228165638.7096691,-458953870.9677251,-22292045.16128951,-287173993.5483766,79989103.22580352,16332000000.0
"Latvia, Republic of",2005.0,2.0,"US dollar, Nominal (Current Prices)",-107046515.384618,-552863767.6923215,31484269.23077001,-377811230.7692401,-100749661.538464,16332000000.0
"Latvia, Republic of",2005.0,3.0,"US dollar, Nominal (Current Prices)",-158589757.575756,-803928078.7878708,37817557.5757572,-990576024.2424144,308640066.6666636,16332000000.0
"Latvia, Republic of",2005.0,4.0,"US dollar, Nominal (Current Prices)",-90317568.74999996,-781960003.1249996,22579392.18749999,-558542859.3749998,-156867356.2499999,16332000000.0
"Latvia, Republic of",2006.0,1.0,"US dollar, Nominal (Current Prices)",-391950301.5384492,-937795199.9999704,12023015.38461501,-751438461.5384378,193570547.6923016,20453000000.0
"Latvia, Republic of",2006.0,2.0,"US dollar, Nominal (Current Prices)",-391313743.5483883,-1499826309.677424,-37747306.45161302,-936133200.0000027,-134632059.6774198,20453000000.0
"Latvia, Republic of",2006.0,3.0,"US dollar, Nominal (Current Prices)",-244665009.2307647,-1784015692.30766,-11468672.3076921,-1586499669.23074,57343361.53846049,20453000000.0
"Latvia, Republic of",2006.0,4.0,"US dollar, Nominal (Current Prices)",-465218407.9365259,-1899534441.269915,-20619098.41269921,-1255187615.873064,-159798012.6984189,20453000000.0
"Latvia, Republic of",2007.0,1.0,"US dollar, Nominal (Current Prices)",-399728710.9374998,-1541249062.499999,-52423437.49999998,-1246367226.562499,157270312.4999999,29463000000.0
"Latvia, Republic of",2007.0,2.0,"US dollar, Nominal (Current Prices)",-795401838.709666,-1918401383.87094,-29659051.6129028,-1466774916.129011,370738145.161285,29463000000.0
"Latvia, Republic of",2007.0,3.0,"US dollar, Nominal (Current Prices)",-453363646.1538362,-2310780766.153795,-28850413.84615321,-2004416847.692264,174476312.3076885,29463000000.0
"Latvia, Republic of",2007.0,4.0,"US dollar, Nominal (Current Prices)",-295515993.7499999,-1286363737.499999,-127477487.4999999,-821360629.6874996,-42009626.56249998,29463000000.0
"Latvia, Republic of",2008.0,1.0,"US dollar, Nominal (Current Prices)",-545127574.193566,-1964855432.258128,-44928096.774195,-732327977.4193785,-643969387.096795,34296000000.0
"Latvia, Republic of",2008.0,2.0,"US dollar, Nominal (Current Prices)",-415548524.9999998,-1237272299.999999,-112479299.9999999,-1071677774.999999,362433299.9999998,34296000000.0
"Latvia, Republic of",2008.0,3.0,"US dollar, Nominal (Current Prices)",-341640159.090903,-1163382568.181798,-10535159.0909089,-769066613.6363499,-42140636.36363561,34296000000.0
"Latvia, Republic of",2008.0,4.0,"US dollar, Nominal (Current Prices)",210872250.0,353211018.7499997,259636457.8125001,-80395045.31250001,-36902643.75000001,34296000000.0
"Latvia, Republic of",2009.0,1.0,"US dollar, Nominal (Current Prices)",-59931574.6031738,889853596.8253849,-290537850.7936469,1298951736.507919,-59931574.6031738,25758000000.0
"Latvia, Republic of",2009.0,2.0,"US dollar, Nominal (Current Prices)",132229304.8387078,1849847079.032232,-61343491.93548299,1856663022.580619,-76338567.74193439,25758000000.0
"Latvia, Republic of",2009.0,3.0,"US dollar, Nominal (Current Prices)",-68654618.181816,-1779479424.901272,-12872740.9090905,-1753553372.727217,57212181.81818,25758000000.0
"Latvia, Republic of",2009.0,4.0,"US dollar, Nominal (Current Prices)",-47294178.46153922,554228653.8461627,11823544.6153848,679853815.3846263,-90154527.69230914,25758000000.0
"Latvia, Republic of",2010.0,1.0,"US dollar, Nominal (Current Prices)",99569371.42856888,-96803555.5555531,127227530.1587269,-311154285.7142777,-13829079.36507901,23509000000.0
"Latvia, Republic of",2010.0,2.0,"US dollar, Nominal (Current Prices)",-119450574.6031753,573108607.9365112,167739104.7619057,552776595.2380983,-29227268.25396842,23509000000.0
"Latvia, Republic of",2010.0,3.0,"US dollar, Nominal (Current Prices)",-147178490.9090917,-339543360.6060624,-82626521.21212164,-236260209.0909103,125230821.2121219,23509000000.0
"Latvia, Republic of",2010.0,4.0,"US dollar, Nominal (Current Prices)",-205098724.2424246,175216790.9090912,8149618.181818198,122244272.727273,249921624.2424247,23509000000.0
"Latvia, Republic of",2011.0,1.0,"US dollar, Nominal (Current Prices)",-377564981.2499998,514363887.4999997,-98495212.49999993,299589604.6874998,690834476.5624995,26832000000.0
"Latvia, Republic of",2011.0,2.0,"US dollar, Nominal (Current Prices)",-345374857.142856,-352570166.6666654,-76270280.95238069,397181085.7142844,-328106114.2857132,26832000000.0
"Latvia, Republic of",2011.0,3.0,"US dollar, Nominal (Current Prices)",-409683878.7878701,-252873842.424237,16952436.363636,-224619781.8181771,364477381.8181741,26832000000.0
"Latvia, Republic of",2011.0,4.0,"US dollar, Nominal (Current Prices)",-279068020.3125001,1155368567.1875,14829701.5625,1508585095.3125,-88978209.37500001,26832000000.0
"Latvia, Republic of",2012.0,1.0,"US dollar, Nominal (Current Prices)",-291002723.0769282,-884805576.9230925,-48500453.8461547,-294935192.3076975,-249056384.615389,27136000000.0
"Latvia, Republic of",2012.0,2.0,"US dollar, Nominal (Current Prices)",-60226785.48386928,334450872.5806357,110202203.2258034,-1281420.967741899,283194033.8709598,27136000000.0
"Latvia, Republic of",2012.0,3.0,"US dollar, Nominal (Current Prices)",-271303081.5384583,106270792.307691,17503424.61538441,453838795.38461,-95018590.76922964,27136000000.0
"Latvia, Republic of",2012.0,4.0,"US dollar, Nominal (Current Prices)",-296942868.7499999,-255448668.7499999,-85581787.49999999,1358935050.0,-1231859062.5,27136000000.0
"Latvia, Republic of",2013.0,1.0,"US dollar, Nominal (Current Prices)",-92444032.25806704,-80558370.96774413,-75275854.83871172,88482145.16129275,-1320629.032258101,29157000000.0
"Latvia, Republic of",2013.0,2.0,"US dollar, Nominal (Current Prices)",-97967380.95237748,-18287244.4444438,-62699123.80952158,227284323.8095157,-86211295.23809217,29157000000.0
"Latvia, Republic of",2013.0,3.0,"US dollar, Nominal (Current Prices)",-41049542.42424282,-124472806.0606073,-18538503.03030321,-270132472.7272753,205247712.1212141,29157000000.0
"Latvia, Republic of",2013.0,4.0,"US dollar, Nominal (Current Prices)",-262669079.6874998,8165878.125,-119766212.4999999,246337323.4374998,142902867.1874999,29157000000.0
"Latvia, Republic of",2014.0,1.0,"US dollar, Nominal (Current Prices)",50676374.6031729,290361930.1587204,-16435580.9523804,986134857.142824,-731383352.3809278,30285000000.0
"Latvia, Republic of",2014.0,2.0,"US dollar, Nominal (Current Prices)",-168641927.4193596,201547669.3548444,39761104.8387108,250906282.2580716,80893282.2580668,30285000000.0
"Latvia, Republic of",2014.0,3.0,"US dollar, Nominal (Current Prices)",-72905750.00000055,303553031.8181841,82184663.63636427,-198833863.6363651,493107981.8181856,30285000000.0
"Latvia, Republic of",2014.0,4.0,"US dollar, Nominal (Current Prices)",-158725195.3125,647398828.1250002,86236523.43750003,577409765.6250002,142477734.375,30285000000.0
"Latvia, Republic of",2015.0,1.0,"US dollar, Nominal (Current Prices)",-163290714.2857204,-65316285.71428816,212841000.000008,-1515788285.714343,1400921714.285767,26347000000.0
"Latvia, Republic of",2015.0,2.0,"US dollar, Nominal (Current Prices)",-161369561.2903174,-27631774.19354751,-37579212.9032246,-710689232.2580419,882006232.2580363,26347000000.0
"Latvia, Republic of",2015.0,3.0,"US dollar, Nominal (Current Prices)",-237893100.0,-140067900.0,-48912600.0,699227850.0,-550266750.0,26347000000.0
"Latvia, Republic of",2015.0,4.0,"US dollar, Nominal (Current Prices)",-107336535.3846185,615542172.3077099,75573683.07692523,-589255673.8461707,1236560698.461574,26347000000.0
"Latvia, Republic of",2016.0,1.0,"US dollar, Nominal (Current Prices)",81547761.29031897,427574748.3870778,5509983.870967498,-1135056677.419305,1475573680.645096,27110000000.0
"Latvia, Republic of",2016.0,2.0,"US dollar, Nominal (Current Prices)",165997601.5384637,-2258470.769230799,-3387706.153846198,223588606.1538491,-388456972.3076974,27110000000.0
"Latvia, Republic of",2016.0,3.0,"US dollar, Nominal (Current Prices)",-188710265.1515171,585113484.848491,12282916.66666679,481267007.5757626,280273825.7575787,27110000000.0
"Latvia, Republic of",2016.0,4.0,"US dollar, Nominal (Current Prices)",-148894453.125,-165078632.8125,196368046.875,-101420859.375,-111131367.1875,27110000000.0
"Latvia, Republic of",2017.0,1.0,"US dollar, Nominal (Current Prices)",-59628627.6923064,181015476.923073,-211894587.6923031,7453578.4615383,445085113.8461442,29381000000.0
"Latvia, Republic of",2017.0,2.0,"US dollar, Nominal (Current Prices)",-72740622.58064578,-127847154.8387108,-173034511.2903241,480528961.2903267,-362600982.2580676,29381000000.0
"Latvia, Republic of",2017.0,3.0,"US dollar, Nominal (Current Prices)",-461620823.0769262,-453398569.2307723,-183238800.0000013,-1065369176.923084,1256830230.769239,29381000000.0
"Latvia, Republic of",2017.0,4.0,"US dollar, Nominal (Current Prices)",-20015557.14285691,22370328.5714283,16483399.99999981,-1270399185.714271,1296301671.428556,29381000000.0
"Latvia, Republic of",2018.0,1.0,"US dollar, Nominal (Current Prices)",-93420285.71428683,63919142.8571437,-88503428.57142964,1241506428.571443,-996892785.7142977,33263000000.0
"Latvia, Republic of",2018.0,2.0,"US dollar, Nominal (Current Prices)",-2382980.952380999,736341114.2857285,145361838.0952409,1594214257.142888,-1000852000.000019,33263000000.0
"Latvia, Republic of",2018.0,3.0,"US dollar, Nominal (Current Prices)",-182575541.5384556,-56982175.38461352,-22095129.23076851,190715852.3076861,-44190258.46153702,33263000000.0
"Latvia, Republic of",2018.0,4.0,"US dollar, Nominal (Current Prices)",-472544775.0000001,156373512.5,118706900.0,115282662.5,394928725.0000001,33263000000.0
"Latvia, Republic of",2019.0,1.0,"US dollar, Nominal (Current Prices)",-195352685.7142807,332781028.57142,-43159314.28571319,1089204799.999972,-519047542.8571296,33103000000.0
"Latvia, Republic of",2019.0,2.0,"US dollar, Nominal (Current Prices)",-89896000.00000001,173049800.0,55061300.00000001,504541300.0000001,-295533100.0000001,33103000000.0
"Latvia, Republic of",2019.0,3.0,"US dollar, Nominal (Current Prices)",-424762006.0605967,-52261293.93939279,26686618.18181759,591553369.6969566,-245739275.7575703,33103000000.0
"Latvia, Republic of",2019.0,4.0,"US dollar, Nominal (Current Prices)",-317739493.7499999,126210112.5,32106081.24999999,32106081.24999999,379737443.7499999,33103000000.0
"Latvia, Republic of",2020.0,1.0,"US dollar, Nominal (Current Prices)",-160988496.875,37490471.875,-115779398.4375,-195170985.9374999,509429353.1249999,33353000000.0
"Latvia, Republic of",2020.0,2.0,"US dollar, Nominal (Current Prices)",-121155419.354838,604675683.8709643,-11014129.032258,-418536903.2258041,1155382135.483864,33353000000.0
"Latvia, Republic of",2020.0,3.0,"US dollar, Nominal (Current Prices)",-281707456.0606046,279369634.8484834,-106370865.1515146,-1165403874.242418,1832851830.303021,33353000000.0
"Latvia, Republic of",2020.0,4.0,"US dollar, Nominal (Current Prices)",-177741870.7692365,687109513.8461761,-11928984.615385,-411549969.2307825,1289523236.923119,33353000000.0
"Latvia, Republic of",2021.0,1.0,"US dollar, Nominal (Current Prices)",-515674780.952373,-171088361.9047593,-2409695.238095201,-97592657.14285564,444588771.4285646,38209000000.0
"Latvia, Republic of",2021.0,2.0,"US dollar, Nominal (Current Prices)",-785004733.3333044,-225492911.1111028,-44616244.4444428,-950205422.2221872,1554333488.888832,38209000000.0
"Latvia, Republic of",2021.0,3.0,"US dollar, Nominal (Current Prices)",-434976640.9090967,-837110601.3731039,50688334.84848553,-344209157.5757622,-108449460.6060621,38209000000.0
"Latvia, Republic of",2021.0,4.0,"US dollar, Nominal (Current Prices)",678110774.2424493,763875206.0606343,147514822.7272782,2176129516.666747,-2236736381.818264,38209000000.0
"Latvia, Republic of",2022.0,1.0,"US dollar, Nominal (Current Prices)",-667402203.125,-327531837.5,213120031.25,-840141596.875,968013615.625,38045000000.0
"Latvia, Republic of",2022.0,2.0,"US dollar, Nominal (Current Prices)",-338559457.1428632,-191637428.571432,126693633.3333356,-321525019.0476248,342818066.6666728,38045000000.0
"Latvia, Republic of",2022.0,3.0,"US dollar, Nominal (Current Prices)",-407819045.4545431,41285384.8484846,78542927.27272682,307122984.8484831,62431557.57575721,38045000000.0
"Latvia, Republic of",2022.0,4.0,"US dollar, Nominal (Current Prices)",28574524.99999999,293909399.9999999,71436312.49999997,518423524.9999997,-325545481.2499998,38045000000.0
"Latvia, Republic of",2023.0,1.0,"US dollar, Nominal (Current Prices)",-292930680.0000125,-359457061.5384769,-204944175.3846241,469976695.3846354,-331558901.5384757,42584000000.0
"Latvia, Republic of",2023.0,2.0,"US dollar, Nominal (Current Prices)",-186164114.5161351,-152415064.516134,15241506.4516134,-117577335.4838748,137173558.0645206,42584000000.0
"Latvia, Republic of",2023.0,3.0,"US dollar, Nominal (Current Prices)",-415783492.3077071,-47891292.30769401,52245046.15384801,1014424646.153882,-699865930.7692556,42584000000.0
"Latvia, Republic of",2023.0,4.0,"US dollar, Nominal (Current Prices)",224696563.4920687,371985698.4127071,-44079230.15873119,927814039.6825612,-736445674.6031919,42584000000.0
"Latvia, Republic of",2024.0,1.0,"US dollar, Nominal (Current Prices)",-644957657.1428562,-157439158.7301586,-11943660.3174603,1226939650.793649,-726391704.7619036,43508000000.0
"Latvia, Republic of",2024.0,2.0,"US dollar, Nominal (Current Prices)",-96904571.42857496,124899225.3968299,12920609.52380999,1153164400.000042,-944281212.698447,43508000000.0
"Latvia, Republic of",2024.0,3.0,"US dollar, Nominal (Current Prices)",-19770218.18181899,489862072.7272928,-59310654.54545697,873184636.3636721,-304241690.9091034,43508000000.0
"Latvia, Republic of",2024.0,4.0,"US dollar, Nominal (Current Prices)",-301214775.0,55543149.99999997,59815700.00000001,350349100.0000001,-52338737.50000001,43508000000.0
"Latvia, Republic of",2025.0,1.0,"US dollar, Nominal (Current Prices)",404099047.6190591,-271504047.6190553,22099166.66666729,-1824759761.904814,1128109841.269873,45535000000.0
"Lithuania, Republic of",1999.0,1.0,"US dollar, Nominal (Current Prices)",-107457500.0,-249115000.0,0.0,75015000.0,-216672500.0,11017000000.0
"Lithuania, Republic of",1999.0,2.0,"US dollar, Nominal (Current Prices)",-157330000.0,-212587499.9999999,0.0,-46715000.0,-352500.0,11017000000.0
"Lithuania, Republic of",1999.0,3.0,"US dollar, Nominal (Current Prices)",-100192500.0,-212020000.0,0.0,-49032500.0,-62795000.0,11017000000.0
"Lithuania, Republic of",1999.0,4.0,"US dollar, Nominal (Current Prices)",-112857500.0,-386977500.0,0.0,-39947500.0,-225772500.0,11017000000.0
"Lithuania, Republic of",2000.0,1.0,"US dollar, Nominal (Current Prices)",-75930000.0,-225040000.0,0.0,43247500.0,-190022500.0,11541000000.0
"Lithuania, Republic of",2000.0,2.0,"US dollar, Nominal (Current Prices)",-115900000.0,-185825000.0,0.0,50097500.0,-110862500.0,11541000000.0
"Lithuania, Republic of",2000.0,3.0,"US dollar, Nominal (Current Prices)",-69395000.0,-13702500.0,0.0,90072500.0,-30980000.0,11541000000.0
"Lithuania, Republic of",2000.0,4.0,"US dollar, Nominal (Current Prices)",-113950000.0,-277830000.0,0.0,-219945000.0,67317500.0,11541000000.0
"Lithuania, Republic of",2001.0,1.0,"US dollar, Nominal (Current Prices)",-107200000.0,-131775000.0,-875000.0,204850000.0,-224125000.0,12260000000.0
"Lithuania, Republic of",2001.0,2.0,"US dollar, Nominal (Current Prices)",-159800000.0,-195700000.0,-7600000.0,-7050000.0,-10325000.0,12260000000.0
"Lithuania, Republic of",2001.0,3.0,"US dollar, Nominal (Current Prices)",-75850000.0,-143125000.0,9675000.0,35500000.0,-108050000.0,12260000000.0
"Lithuania, Republic of",2001.0,4.0,"US dollar, Nominal (Current Prices)",-95875000.0,-307000000.0,125000.0,-275275000.0,78250000.0,12260000000.0
"Lithuania, Republic of",2002.0,1.0,"US dollar, Nominal (Current Prices)",-32005406.85764178,-89920912.11337602,-2163582.630889611,-72456090.27101448,22084158.9145985,14283000000.0
"Lithuania, Republic of",2002.0,2.0,"US dollar, Nominal (Current Prices)",-337988579.9140845,-613979882.2635111,1484964.732087614,2651722.73587074,-265941273.1804765,14283000000.0
"Lithuania, Republic of",2002.0,3.0,"US dollar, Nominal (Current Prices)",-148037186.1586963,177117597.903293,3620807.535989665,106405021.4608576,220849318.1904507,14283000000.0
"Lithuania, Republic of",2002.0,4.0,"US dollar, Nominal (Current Prices)",-176747842.0215073,-521606789.7960163,104161.6434392631,-328789120.8950182,-1296233.78502194,14283000000.0
"Lithuania, Republic of",2003.0,1.0,"US dollar, Nominal (Current Prices)",-152192410.4092913,-673812185.5785356,14272405.44065586,-5701509.223029625,-473473697.2858829,18801000000.0
"Lithuania, Republic of",2003.0,2.0,"US dollar, Nominal (Current Prices)",-138637183.8194285,93979856.30392696,2749253.633410977,-9143400.807060136,250011482.562908,18801000000.0
"Lithuania, Republic of",2003.0,3.0,"US dollar, Nominal (Current Prices)",267592652.901713,-317397251.3515274,3794046.766104344,-591262294.0141993,2478342.994854426,18801000000.0
"Lithuania, Republic of",2003.0,4.0,"US dollar, Nominal (Current Prices)",-118747489.5853654,-745074996.8440493,7205894.166657095,-602434098.029539,-31099303.39580198,18801000000.0
"Lithuania, Republic of",2004.0,1.0,"US dollar, Nominal (Current Prices)",-184334437.5000001,-396650217.7500001,7585830.750000003,157977737.2500001,-374667555.0000001,22710000000.0
"Lithuania, Republic of",2004.0,2.0,"US dollar, Nominal (Current Prices)",-194387582.7142797,-520270167.7777617,-3505409.095237987,-437043805.444431,122821825.2063454,22710000000.0
"Lithuania, Republic of",2004.0,3.0,"US dollar, Nominal (Current Prices)",-64142143.75757686,-373048459.6363701,-122198.78787879,-226471013.5757615,-79148154.90909226,22710000000.0
"Lithuania, Republic of",2004.0,4.0,"US dollar, Nominal (Current Prices)",-138851630.3030316,-105501285.4545465,-6553277.87878794,-55696373.5757581,100790711.4545464,22710000000.0
"Lithuania, Republic of",2005.0,1.0,"US dollar, Nominal (Current Prices)",-205375300.774186,-376604433.5483733,2622593.548387001,136689575.7419305,-285062805.741925,26118000000.0
"Lithuania, Republic of",2005.0,2.0,"US dollar, Nominal (Current Prices)",-264014488.061545,-566943532.8923218,-10137934.69230794,-448172275.646165,155381165.5076962,26118000000.0
"Lithuania, Republic of",2005.0,3.0,"US dollar, Nominal (Current Prices)",-95849209.63636269,-926200781.8787786,3464576.242424208,-898423175.8787789,64607027.39393875,26118000000.0
"Lithuania, Republic of",2005.0,4.0,"US dollar, Nominal (Current Prices)",-179779497.3749999,-456079954.4062498,-8805962.953124996,-599625469.2656248,332130975.1874999,26118000000.0
"Lithuania, Republic of",2006.0,1.0,"US dollar, Nominal (Current Prices)",-211316518.3999933,-779824800.8615139,1995820.553846091,-358838917.1692195,-211665185.8461472,30138000000.0
"Lithuania, Republic of",2006.0,2.0,"US dollar, Nominal (Current Prices)",-130567933.0161294,-732322910.0322603,-1472144.951612908,-756846076.7903249,156563244.7258069,30138000000.0
"Lithuania, Republic of",2006.0,3.0,"US dollar, Nominal (Current Prices)",-310609874.9999943,-1258329982.630746,-1541899.276923049,-1279738170.938438,333559962.5846093,30138000000.0
"Lithuania, Republic of",2006.0,4.0,"US dollar, Nominal (Current Prices)",-1086871338.142899,-1839983907.666738,8840438.444444787,-730508882.8889172,-31444125.0793663,30138000000.0
"Lithuania, Republic of",2007.0,1.0,"US dollar, Nominal (Current Prices)",-392048677.3437498,-866965703.515624,-26211.71874999999,-994590562.1093744,519699747.6562498,39765000000.0
"Lithuania, Republic of",2007.0,2.0,"US dollar, Nominal (Current Prices)",-399089502.2258007,-2040434899.870938,-2561463.54838706,-1694623839.451588,55839905.3548379,39765000000.0
"Lithuania, Republic of",2007.0,3.0,"US dollar, Nominal (Current Prices)",-721548850.2922918,-1626339043.38458,-1799716.292307653,-1259485423.89228,356494947.0922998,39765000000.0
"Lithuania, Republic of",2007.0,4.0,"US dollar, Nominal (Current Prices)",-213626194.1093749,-2122601569.421874,5055641.265624997,-1210340799.499999,-703690217.0781246,39765000000.0
"Lithuania, Republic of",2008.0,1.0,"US dollar, Nominal (Current Prices)",-44778336.45161435,-877026401.096803,-1407747.03225811,-1016947470.483904,186107152.8709738,48004000000.0
"Lithuania, Republic of",2008.0,2.0,"US dollar, Nominal (Current Prices)",-196057668.7499999,-2333429944.874999,-1421613.374999999,-2442706709.249999,306756046.4999998,48004000000.0
"Lithuania, Republic of",2008.0,3.0,"US dollar, Nominal (Current Prices)",-602611099.9999893,-703071367.0454423,-16374647.27272698,-198437246.5909056,114351626.8181798,48004000000.0
"Lithuania, Republic of",2008.0,4.0,"US dollar, Nominal (Current Prices)",-329066146.1250001,-233343324.140625,1133438.34375,596162209.7812501,-501572826.1406251,48004000000.0
"Lithuania, Republic of",2009.0,1.0,"US dollar, Nominal (Current Prices)",407443507.0793596,993209505.8095106,-30135159.14285674,681343831.6190385,-65442673.74603087,37591000000.0
"Lithuania, Republic of",2009.0,2.0,"US dollar, Nominal (Current Prices)",483291293.2419286,416017930.4193489,-20693204.61290293,81668635.59677303,-128248793.8064498,37591000000.0
"Lithuania, Republic of",2009.0,3.0,"US dollar, Nominal (Current Prices)",208638524.0454479,618210052.2745003,-2374305.54545447,757732439.0454304,-131130320.7272685,37591000000.0
"Lithuania, Republic of",2009.0,4.0,"US dollar, Nominal (Current Prices)",-134684952.6000022,1093929127.246171,11143690.80000018,2175354856.061573,-957884467.0154,37591000000.0
"Lithuania, Republic of",2010.0,1.0,"US dollar, Nominal (Current Prices)",-363870736.2539589,-296149734.603167,19526660.06349156,2147324127.492008,-2099129785.904708,36693000000.0
"Lithuania, Republic of",2010.0,2.0,"US dollar, Nominal (Current Prices)",267149939.3492078,528632330.1587331,15236302.0158731,231772237.2539695,14473851.53968262,36693000000.0
"Lithuania, Republic of",2010.0,3.0,"US dollar, Nominal (Current Prices)",-600823913.1515183,-285280974.8787893,34496572.60606079,653963094.606064,-372916728.9393959,36693000000.0
"Lithuania, Republic of",2010.0,4.0,"US dollar, Nominal (Current Prices)",-298316773.5454551,522784423.6666677,19545500.93939398,560014596.0606072,241541100.2121217,36693000000.0
"Lithuania, Republic of",2011.0,1.0,"US dollar, Nominal (Current Prices)",-359630644.6406248,-179411765.5468749,-2859097.140624998,-14760601.98437499,197838578.2187499,43201000000.0
"Lithuania, Republic of",2011.0,2.0,"US dollar, Nominal (Current Prices)",-389611620.0952368,-204346790.4761898,-244640.523809523,100763114.5714282,84746355.57142828,43201000000.0
"Lithuania, Republic of",2011.0,3.0,"US dollar, Nominal (Current Prices)",-389185557.8181736,-461586588.1212023,-1935403.15151511,132765830.787876,-203231457.9393896,43201000000.0
"Lithuania, Republic of",2011.0,4.0,"US dollar, Nominal (Current Prices)",72989094.78125001,-968028991.8125,-4246687.265625001,772034263.3437502,-1808805662.671875,43201000000.0
"Lithuania, Republic of",2012.0,1.0,"US dollar, Nominal (Current Prices)",-219064752.6153885,-63797759.1538473,-22441291.07692347,1907653932.076957,-1729945647.538492,42736000000.0
"Lithuania, Republic of",2012.0,2.0,"US dollar, Nominal (Current Prices)",387757984.8386988,865510164.2419112,-345983.6612903129,-96939496.2096747,575037659.2741774,42736000000.0
"Lithuania, Republic of",2012.0,3.0,"US dollar, Nominal (Current Prices)",-411468005.3692259,-971064992.769219,-19366289.09230746,-384687765.7076877,-155542932.5999981,42736000000.0
"Lithuania, Republic of",2012.0,4.0,"US dollar, Nominal (Current Prices)",-12513094.6875,604907634.3749999,-2736023.812499999,560236534.6874998,59920218.18749998,42736000000.0
"Lithuania, Republic of",2013.0,1.0,"US dollar, Nominal (Current Prices)",-429296879.5161407,809189026.9355056,-8993483.709677665,794794170.4838927,452685219.6774317,46321000000.0
"Lithuania, Republic of",2013.0,2.0,"US dollar, Nominal (Current Prices)",40179688.50793508,119324269.9999957,2586338.857142765,-530735020.7301399,607293263.3650578,46321000000.0
"Lithuania, Republic of",2013.0,3.0,"US dollar, Nominal (Current Prices)",-167680759.9090925,-270993188.9393966,-5045121.181818231,-278925019.8787906,180657712.0303048,46321000000.0
"Lithuania, Republic of",2013.0,4.0,"US dollar, Nominal (Current Prices)",119997579.0468749,1182514421.078124,4722599.515624997,409736544.7187497,648057697.7968745,46321000000.0
"Lithuania, Republic of",2014.0,1.0,"US dollar, Nominal (Current Prices)",-40404136.50793515,469687814.6666508,1109401.714285677,1023772337.523775,-514789788.0634748,48388000000.0
"Lithuania, Republic of",2014.0,2.0,"US dollar, Nominal (Current Prices)",75271884.6774215,-834942069.4355073,1905790.887096828,-1249746367.983906,337626622.9838805,48388000000.0
"Lithuania, Republic of",2014.0,3.0,"US dollar, Nominal (Current Prices)",75198967.2272733,245175409.4545473,-7754520.681818241,84279047.00000064,93451915.90909162,48388000000.0
"Lithuania, Republic of",2014.0,4.0,"US dollar, Nominal (Current Prices)",78337757.81250001,-575610046.8749999,-1912201.171875001,573972802.7343752,-1226008406.25,48388000000.0
"Lithuania, Republic of",2015.0,1.0,"US dollar, Nominal (Current Prices)",-305973014.2857258,1844227850.000066,-22669255.71428657,2142103897.142938,30766222.85714424,41548000000.0
"Lithuania, Republic of",2015.0,2.0,"US dollar, Nominal (Current Prices)",-163016415.0322528,-1271028454.774153,-12191138.77419316,-1443594410.967696,347773509.9999889,41548000000.0
"Lithuania, Republic of",2015.0,3.0,"US dollar, Nominal (Current Prices)",-86642001.00000001,481299984.0,-32993772.0,126728100.0,474207657.0,41548000000.0
"Lithuania, Republic of",2015.0,4.0,"US dollar, Nominal (Current Prices)",-124685624.3692343,1277731926.67696,1018601.815384644,2339388836.000067,-937989886.7692575,41548000000.0
"Lithuania, Republic of",2016.0,1.0,"US dollar, Nominal (Current Prices)",832789982.2257695,-1694099640.967667,-29588613.38709546,-3800886053.903057,1303585044.096716,42952000000.0
"Lithuania, Republic of",2016.0,2.0,"US dollar, Nominal (Current Prices)",-472607593.169237,-352389194.1230815,1343790.107692325,-1025469945.12309,1144344554.061553,42952000000.0
"Lithuania, Republic of",2016.0,3.0,"US dollar, Nominal (Current Prices)",-239952360.2272752,61492747.3484855,-28663860.98484878,343486181.4393975,-13377212.87878791,42952000000.0
"Lithuania, Republic of",2016.0,4.0,"US dollar, Nominal (Current Prices)",-384849003.515625,730953080.8593751,20586276.5625,-177669924.609375,1272885732.421875,42952000000.0
"Lithuania, Republic of",2017.0,1.0,"US dollar, Nominal (Current Prices)",-237268698.3692256,4642514.5846153,-43049739.59999907,-989718092.0307478,1274679044.584588,47745000000.0
"Lithuania, Republic of",2017.0,2.0,"US dollar, Nominal (Current Prices)",-324235814.5000028,728332015.5483934,-4287288.209677456,1805003442.806467,-748148324.5483935,47745000000.0
"Lithuania, Republic of",2017.0,3.0,"US dollar, Nominal (Current Prices)",-55312276.23076973,-517074052.2307729,-67974547.15384662,-1461951972.076933,1068164743.230777,47745000000.0
"Lithuania, Republic of",2017.0,4.0,"US dollar, Nominal (Current Prices)",-316010325.714282,-1082029245.285701,2319449.85714283,-945829265.8571316,177490896.4285693,47745000000.0
"Lithuania, Republic of",2018.0,1.0,"US dollar, Nominal (Current Prices)",-43034792.14285766,-773052864.2857236,-20810597.85714311,-2269953145.000027,1560745670.714304,54294000000.0
"Lithuania, Republic of",2018.0,2.0,"US dollar, Nominal (Current Prices)",431593595.1904846,79329435.9047634,17395760.95238129,-1090606977.57145,720947057.3333473,54294000000.0
"Lithuania, Republic of",2018.0,3.0,"US dollar, Nominal (Current Prices)",-644305597.3845943,-568996093.7538275,-802402.0615384353,475812793.4769075,-399700887.7846023,54294000000.0
"Lithuania, Republic of",2018.0,4.0,"US dollar, Nominal (Current Prices)",-4383024.000000035,1371521260.0,8891603.375000002,1170324478.625,196688202.0,54294000000.0
"Lithuania, Republic of",2019.0,1.0,"US dollar, Nominal (Current Prices)",-132624029.7142823,465007538.2857025,-9994788.571428316,918918589.7142624,-311292233.1428492,55132000000.0
"Lithuania, Republic of",2019.0,2.0,"US dollar, Nominal (Current Prices)",-453547794.0000001,-18158992.0,9057022.000000002,1709709550.0,-1283377770.0,55132000000.0
"Lithuania, Republic of",2019.0,3.0,"US dollar, Nominal (Current Prices)",-422849465.0908997,799575558.4242247,-8650912.060605869,1373815984.575727,-142740048.9999968,55132000000.0
"Lithuania, Republic of",2019.0,4.0,"US dollar, Nominal (Current Prices)",-263900916.8124999,1514676344.875,14170960.0,2682252738.249999,-917846436.5624998,55132000000.0
"Lithuania, Republic of",2020.0,1.0,"US dollar, Nominal (Current Prices)",-14069953.5625,607345644.3749998,-287287280.6562499,-223950436.4062499,1132653315.0,57352000000.0
"Lithuania, Republic of",2020.0,2.0,"US dollar, Nominal (Current Prices)",62780535.48387061,1380863385.03225,28923102.83870951,2360757402.645148,-1071597655.935478,57352000000.0
"Lithuania, Republic of",2020.0,3.0,"US dollar, Nominal (Current Prices)",-682234675.2272692,625273661.3939362,-25634209.59090896,2744847574.257562,-1411705028.045447,57352000000.0
"Lithuania, Republic of",2020.0,4.0,"US dollar, Nominal (Current Prices)",2099501.292307617,1810163770.461597,4771593.846154,2529839412.307774,-726546736.9846389,57352000000.0
"Lithuania, Republic of",2021.0,1.0,"US dollar, Nominal (Current Prices)",-603869626.6666574,34338157.1428566,-188920106.6666638,996782483.7142704,-169654593.2380926,67068000000.0
"Lithuania, Republic of",2021.0,2.0,"US dollar, Nominal (Current Prices)",374559401.3333195,699136550.4444185,2049935.55555548,-965145834.8888532,1287673048.444397,67068000000.0
"Lithuania, Republic of",2021.0,3.0,"US dollar, Nominal (Current Prices)",-365934413.65152,251874264.5939749,4785921.848484912,1192672943.015167,-581689900.3333411,67068000000.0
"Lithuania, Republic of",2021.0,4.0,"US dollar, Nominal (Current Prices)",-642295547.5151752,501962066.545473,22641810.00000084,-476998899.2575945,1598614703.318241,67068000000.0
"Lithuania, Republic of",2022.0,1.0,"US dollar, Nominal (Current Prices)",-1311507021.78125,-3374284587.40625,-196911692.03125,-3860534763.96875,1994668890.375,71082000000.0
"Lithuania, Republic of",2022.0,2.0,"US dollar, Nominal (Current Prices)",553118851.4762003,883256908.2857302,19323440.71428606,-1512402586.285742,1823217202.380985,71082000000.0
"Lithuania, Republic of",2022.0,3.0,"US dollar, Nominal (Current Prices)",-857900227.5454495,-649308337.9999942,13875917.15151507,798489551.7878772,-603773579.3939359,71082000000.0
"Lithuania, Republic of",2022.0,4.0,"US dollar, Nominal (Current Prices)",-1606112819.124999,-548967651.1874987,-1408315.874999999,2099166247.999999,-1040612764.187499,71082000000.0
"Lithuania, Republic of",2023.0,1.0,"US dollar, Nominal (Current Prices)",-50377638.92307939,-227391464.1230878,-29400368.61538587,-1669254213.415456,1521640756.830834,79824000000.0
"Lithuania, Republic of",2023.0,2.0,"US dollar, Nominal (Current Prices)",-130249559.4193591,1457675903.45166,5312753.677419529,1474354466.225855,108258242.9677453,79824000000.0
"Lithuania, Republic of",2023.0,3.0,"US dollar, Nominal (Current Prices)",-302923308.23078,2007102291.846226,-13921127.92307742,2123140716.230845,200806011.7692379,79824000000.0
"Lithuania, Republic of",2023.0,4.0,"US dollar, Nominal (Current Prices)",-941091563.8889108,-16814613.65079437,-22179378.49206401,1376562104.761937,-430105776.0317561,79824000000.0
"Lithuania, Republic of",2024.0,1.0,"US dollar, Nominal (Current Prices)",-715110374.6984116,578322890.4444436,-15244453.71428569,2397396646.158726,-1088718927.301586,84847000000.0
"Lithuania, Republic of",2024.0,2.0,"US dollar, Nominal (Current Prices)",-845653893.3333641,2419599476.825484,-7074033.714285961,3509991248.889016,-237663845.0158817,84847000000.0
"Lithuania, Republic of",2024.0,3.0,"US dollar, Nominal (Current Prices)",-983008198.3636764,301265174.727285,-29215989.09091029,1192100222.545503,121389139.6363686,84847000000.0
"Lithuania, Republic of",2024.0,4.0,"US dollar, Nominal (Current Prices)",-895697382.0000001,-2549911246.875,3898701.875000001,-2287491225.875,629314570.8750001,84847000000.0
"Lithuania, Republic of",2025.0,1.0,"US dollar, Nominal (Current Prices)",-270620080.9523886,975793965.873044,-21152059.52381012,1386028163.095277,-118462056.7460351,89192000000.0
Malta,1999.0,1.0,"US dollar, Nominal (Current Prices)",5821265.780478671,-77173030.2420688,0.0,-167055547.4253349,84061251.40278746,3827000000.0
Malta,1999.0,2.0,"US dollar, Nominal (Current Prices)",-385257244.4302212,-190621935.9205297,0.0,37204821.1770124,157430487.3326791,3827000000.0
Malta,1999.0,3.0,"US dollar, Nominal (Current Prices)",-125478991.3694217,49751779.9329631,0.0,-45786513.1771004,221017284.4794852,3827000000.0
Malta,1999.0,4.0,"US dollar, Nominal (Current Prices)",-293441476.0235672,-217052826.37177,0.0,34624450.77561849,41764198.87617873,3827000000.0
Malta,2000.0,1.0,"US dollar, Nominal (Current Prices)",-27232535.83419066,-93185622.36428487,0.0,-8827710.486253703,-57125376.04384038,4042000000.0
Malta,2000.0,2.0,"US dollar, Nominal (Current Prices)",-60084808.33180699,-43760442.84911963,0.0,-135555014.7220366,151879380.204724,4042000000.0
Malta,2000.0,3.0,"US dollar, Nominal (Current Prices)",-60583156.93863452,-20417470.00286464,0.0,166184177.681516,-126018490.7457461,4042000000.0
Malta,2000.0,4.0,"US dollar, Nominal (Current Prices)",-432160770.7745494,-74543704.30267,0.0,-384735781.6950299,742352848.1669092,4042000000.0
Malta,2001.0,1.0,"US dollar, Nominal (Current Prices)",389151979.1239074,12793025.94434516,0.0,-397578198.1236584,21219244.94409688,4072000000.0
Malta,2001.0,2.0,"US dollar, Nominal (Current Prices)",-248086690.371576,-786187.65059041,0.0,821426980.641064,-574126477.9200791,4072000000.0
Malta,2001.0,3.0,"US dollar, Nominal (Current Prices)",50115907.8059812,-96172073.80569495,0.0,-461689598.669998,315401617.0583228,4072000000.0
Malta,2001.0,4.0,"US dollar, Nominal (Current Prices)",-421811822.2201298,-58340890.29428994,0.0,-372001733.679264,735472665.6051043,4072000000.0
Malta,2002.0,1.0,"US dollar, Nominal (Current Prices)",371970650.9934233,-52521740.6223287,0.0,-221935596.9645784,-202556794.651173,4462000000.0
Malta,2002.0,2.0,"US dollar, Nominal (Current Prices)",-58642969.98602123,-86231871.34407458,0.0,-289869738.3953513,262280837.0372961,4462000000.0
Malta,2002.0,3.0,"US dollar, Nominal (Current Prices)",-149242058.7573658,17166466.2907445,0.0,-92479186.72240113,258887711.7705123,4462000000.0
Malta,2002.0,4.0,"US dollar, Nominal (Current Prices)",236800923.7265959,-109303806.9121821,0.0,-410464803.0654958,64360072.42671894,4462000000.0
Malta,2003.0,1.0,"US dollar, Nominal (Current Prices)",-27305660.34354064,-43944580.0042051,0.0,-165269721.825373,148630802.1647085,5425000000.0
Malta,2003.0,2.0,"US dollar, Nominal (Current Prices)",-15593866.14218911,-86887352.52433738,0.0,-431207701.182656,359914214.8005068,5425000000.0
Malta,2003.0,3.0,"US dollar, Nominal (Current Prices)",-55227664.68314068,15446838.74026053,0.0,-701727727.7782847,772402231.2016859,5425000000.0
Malta,2003.0,4.0,"US dollar, Nominal (Current Prices)",-333708258.0338474,-143816983.0475055,-25064761.46449706,-95285585.41383986,310241621.8646813,5425000000.0
Malta,2004.0,1.0,"US dollar, Nominal (Current Prices)",-431218111.1400001,34340943.33000026,9285956.640000004,-425420636.8650001,881693734.6950003,6109000000.0
Malta,2004.0,2.0,"US dollar, Nominal (Current Prices)",-654783917.6158528,59611830.64999829,34042943.05047514,314715387.6488792,365637417.5664967,6109000000.0
Malta,2004.0,3.0,"US dollar, Nominal (Current Prices)",-439630668.7903106,-21704826.50424353,13977708.35151539,-999655004.9648668,1403603138.899418,6109000000.0
Malta,2004.0,4.0,"US dollar, Nominal (Current Prices)",-629184102.1787938,161993784.9666682,50007739.0733338,13137570.28060605,728032577.791522,6109000000.0
Malta,2005.0,1.0,"US dollar, Nominal (Current Prices)",-2893812207.3057,-142044780.6380593,131902424.6083823,-785598553.0677131,3405463555.126972,6392000000.0
Malta,2005.0,2.0,"US dollar, Nominal (Current Prices)",-2808651712.028377,-109103193.7878476,115847250.1941567,-494894301.4992431,3078595569.545615,6392000000.0
Malta,2005.0,3.0,"US dollar, Nominal (Current Prices)",-2587968429.613307,-99862750.4242414,114033843.1927261,-1332116512.055138,3706188348.051478,6392000000.0
Malta,2005.0,4.0,"US dollar, Nominal (Current Prices)",-2540602667.338593,-4289846.83781256,100482098.079375,-2247123333.375468,4682954055.796873,6392000000.0
Malta,2006.0,1.0,"US dollar, Nominal (Current Prices)",-2243328632.926699,-67065822.5772299,43648475.28246016,398547330.0799874,1734067004.987022,6783000000.0
Malta,2006.0,2.0,"US dollar, Nominal (Current Prices)",-3122177230.487913,-237455344.9785482,41280831.80854851,-591635049.9808083,3435076103.681623,6783000000.0
Malta,2006.0,3.0,"US dollar, Nominal (Current Prices)",-2340602337.791034,66467327.5076924,80864334.1446139,1389375492.457667,936829838.6964444,6783000000.0
Malta,2006.0,4.0,"US dollar, Nominal (Current Prices)",-2468909838.230096,-262932165.5714387,62753066.19476433,337239659.0392194,1805984947.424673,6783000000.0
Malta,2007.0,1.0,"US dollar, Nominal (Current Prices)",-4968939927.464841,18249122.8281263,144781476.9843749,849716688.8164059,3992690884.492186,7972000000.0
Malta,2007.0,2.0,"US dollar, Nominal (Current Prices)",-5211909239.726054,4770388.82419313,114164969.6070951,603714174.8106365,4498800484.132516,7972000000.0
Malta,2007.0,3.0,"US dollar, Nominal (Current Prices)",-5445358447.397419,-121618754.7089499,90001338.88569033,2304018119.241919,2929720234.560859,7972000000.0
Malta,2007.0,4.0,"US dollar, Nominal (Current Prices)",-5325801407.668122,-839181258.1360948,94155596.5714062,377904983.6428123,4014559569.31781,7972000000.0
Malta,2008.0,1.0,"US dollar, Nominal (Current Prices)",387806302.2067867,-442120327.6780788,53946663.40000175,-1973487018.210386,1089613724.925519,9171000000.0
Malta,2008.0,2.0,"US dollar, Nominal (Current Prices)",422450692.2674997,-153263200.6312499,-324267667.5187498,-3598794887.377498,3347348661.997498,9171000000.0
Malta,2008.0,3.0,"US dollar, Nominal (Current Prices)",386012443.1545386,634027696.9204432,-114759337.474998,-2029639335.481782,2392413926.722685,9171000000.0
Malta,2008.0,4.0,"US dollar, Nominal (Current Prices)",128557344.646406,-264582861.8217188,326639797.2984376,1832978960.756719,-2552758964.523282,9171000000.0
Malta,2009.0,1.0,"US dollar, Nominal (Current Prices)",-1832012084.527595,-309976266.1580912,534890345.6215802,-282018316.8917423,1269163789.639666,8760000000.0
Malta,2009.0,2.0,"US dollar, Nominal (Current Prices)",-1615340179.046106,115365160.9924177,-147372286.6201592,-295274717.3295119,2173352343.988195,8760000000.0
Malta,2009.0,3.0,"US dollar, Nominal (Current Prices)",-1982828902.8763,-31118467.65204751,221309162.9222657,-217646152.9813567,2079432673.089479,8760000000.0
Malta,2009.0,4.0,"US dollar, Nominal (Current Prices)",-2116060962.16988,104291496.6060018,410987445.3909297,-1609123530.899103,3418488544.284055,8760000000.0
Malta,2010.0,1.0,"US dollar, Nominal (Current Prices)",-1050742992.223465,159581076.2057102,-105713769.6812671,-346769281.8387212,1662807119.949164,9104000000.0
Malta,2010.0,2.0,"US dollar, Nominal (Current Prices)",-1854787095.962232,287950604.940319,13920185.41888897,-117680927.0479368,2246498442.5316,9104000000.0
Malta,2010.0,3.0,"US dollar, Nominal (Current Prices)",-1823178332.982131,-678571725.5978823,-203865190.4103041,51581284.21787906,1296890513.576673,9104000000.0
Malta,2010.0,4.0,"US dollar, Nominal (Current Prices)",-1186753376.023033,140006365.5545458,-53310455.68242435,167265480.1030306,1212804717.156972,9104000000.0
Malta,2011.0,1.0,"US dollar, Nominal (Current Prices)",-2850729972.323123,552712588.090156,-12715868.73265624,-174877429.0003124,3591035858.146248,9788000000.0
Malta,2011.0,2.0,"US dollar, Nominal (Current Prices)",-2962076378.548561,-65366508.89999974,-187139927.2809517,272508677.1261896,2811341119.803324,9788000000.0
Malta,2011.0,3.0,"US dollar, Nominal (Current Prices)",-3226777453.493265,-205958963.6799955,-105014833.7309069,-1289554740.475124,4415388064.0193,9788000000.0
Malta,2011.0,4.0,"US dollar, Nominal (Current Prices)",-3145365006.520157,81444181.71937488,-44465781.61140626,-2125783253.535001,5397058223.385939,9788000000.0
Malta,2012.0,1.0,"US dollar, Nominal (Current Prices)",-2771044592.392357,-107717148.5107712,-152958240.7761565,866466113.4184768,1949819571.239265,9616000000.0
Malta,2012.0,2.0,"US dollar, Nominal (Current Prices)",-2771034015.686535,667177593.249175,67539598.66257875,-231227159.803058,3601899170.076189,9616000000.0
Malta,2012.0,3.0,"US dollar, Nominal (Current Prices)",-3139515383.804732,-486322650.9815315,-254197734.8086124,41480240.77584566,2865910226.855966,9616000000.0
Malta,2012.0,4.0,"US dollar, Nominal (Current Prices)",-2895594686.036249,1083955968.995625,-221995396.3631249,513025989.9599999,3688520061.434999,9616000000.0
Malta,2013.0,1.0,"US dollar, Nominal (Current Prices)",-2275714947.72103,-254846274.4935553,-174977932.1951661,351429686.3903322,1844416919.032308,10797000000.0
Malta,2013.0,2.0,"US dollar, Nominal (Current Prices)",-3143118440.787507,-199700236.1590405,-44821644.26380793,-2058058898.979292,5046298747.871567,10797000000.0
Malta,2013.0,3.0,"US dollar, Nominal (Current Prices)",-3426560235.06973,66480793.29909129,-5740977.134848541,-1261089878.544861,4759871884.048531,10797000000.0
Malta,2013.0,4.0,"US dollar, Nominal (Current Prices)",-435169172.1390622,421680094.1623448,90838725.3401562,375479869.3965622,390530671.5646872,10797000000.0
Malta,2014.0,1.0,"US dollar, Nominal (Current Prices)",-1332067814.875511,-177398675.6780893,-72118233.51364838,-3138953537.085609,4365740909.796679,11891000000.0
Malta,2014.0,2.0,"US dollar, Nominal (Current Prices)",-879182194.1806701,1189030749.57342,355550791.9379133,-3931489886.484789,5644152038.300966,11891000000.0
Malta,2014.0,3.0,"US dollar, Nominal (Current Prices)",-3424229180.089571,-857041688.3422776,-1014456734.956371,335803089.164548,3245841137.539116,11891000000.0
Malta,2014.0,4.0,"US dollar, Nominal (Current Prices)",-3234447038.671876,425841451.8750002,-18147164.06250001,-637447883.2031252,4315883537.812501,11891000000.0
Malta,2015.0,1.0,"US dollar, Nominal (Current Prices)",-2845917056.342964,1719732.75714202,-832922171.9571741,2448106754.214378,1232452206.842903,11342000000.0
Malta,2015.0,2.0,"US dollar, Nominal (Current Prices)",-1652472055.318657,441419471.7025665,189645597.9309617,1594335797.159304,309910131.9309578,11342000000.0
Malta,2015.0,3.0,"US dollar, Nominal (Current Prices)",-2624969270.715,-277305539.1,-457782138.93,1588214577.33,1217231293.215,11342000000.0
Malta,2015.0,4.0,"US dollar, Nominal (Current Prices)",-3109344910.003781,94411902.19938688,90271340.5833872,451786377.6397052,2661699093.980076,11342000000.0
Malta,2016.0,1.0,"US dollar, Nominal (Current Prices)",-2318440872.372478,-26595590.14838537,-95785449.41322155,1391848814.52768,995781917.1096332,12022000000.0
Malta,2016.0,2.0,"US dollar, Nominal (Current Prices)",-2482775310.618494,581700539.3590846,156239878.580002,521068390.9293914,2387167580.468185,12022000000.0
Malta,2016.0,3.0,"US dollar, Nominal (Current Prices)",-2019567654.64396,107563176.1931832,-11775408.88257588,1640633757.344714,498272482.3750052,12022000000.0
Malta,2016.0,4.0,"US dollar, Nominal (Current Prices)",-2590127985.585938,201226213.9335937,-51004118.6015625,1446497743.710938,1395860574.410156,12022000000.0
Malta,2017.0,1.0,"US dollar, Nominal (Current Prices)",-4110339730.43068,-1130771740.430745,25789381.47692252,1538056563.507659,1415722045.015354,14156000000.0
Malta,2017.0,2.0,"US dollar, Nominal (Current Prices)",-2171605159.30647,561634755.4677467,41120494.37096809,2307872592.274213,384257849.4354872,14156000000.0
Malta,2017.0,3.0,"US dollar, Nominal (Current Prices)",-1943552872.000013,832984791.07693,41933494.6153849,1467496120.384625,1267119794.153855,14156000000.0
Malta,2017.0,4.0,"US dollar, Nominal (Current Prices)",-2116468559.999975,803801227.1428477,-8500724.857142758,2108403467.857118,810641838.1428477,14156000000.0
Malta,2018.0,1.0,"US dollar, Nominal (Current Prices)",278195777.1428605,439063050.7142922,9858298.57142869,2399094397.857172,-2248073130.714313,16161000000.0
Malta,2018.0,2.0,"US dollar, Nominal (Current Prices)",-765949652.6190625,605467800.3809654,124868201.9047643,1779157408.857177,-532608157.7619151,16161000000.0
Malta,2018.0,3.0,"US dollar, Nominal (Current Prices)",-349789153.7538359,1016503863.784581,99358307.4461506,2581722818.492223,-1314799737.415342,16161000000.0
Malta,2018.0,4.0,"US dollar, Nominal (Current Prices)",989661708.1250012,412940214.2499989,32986821.25000001,981158185.0000002,-1590866500.125,16161000000.0
Malta,2019.0,1.0,"US dollar, Nominal (Current Prices)",-173818459.428567,459941997.714275,-624969586.2856984,5320362249.142722,-4061632205.714182,16340000000.0
Malta,2019.0,2.0,"US dollar, Nominal (Current Prices)",-919883294.0000002,875328588.999999,-377742992.0000001,-708099555.0000002,2881065667.000001,16340000000.0
Malta,2019.0,3.0,"US dollar, Nominal (Current Prices)",-434035605.8787783,894502083.1817985,833267413.8787694,688158927.5151362,-192877532.9090866,16340000000.0
Malta,2019.0,4.0,"US dollar, Nominal (Current Prices)",325168176.6874999,1210509973.75,-94037604.875,2447169797.124999,-1467801466.25,16340000000.0
Malta,2020.0,1.0,"US dollar, Nominal (Current Prices)",1272459695.265625,784807895.6562498,-6075661.765624998,218029147.1718749,-699605285.0156248,16397000000.0
Malta,2020.0,2.0,"US dollar, Nominal (Current Prices)",1966088117.032247,510570965.4193508,-50345583.80645133,-2267423673.225794,862241091.2903177,16397000000.0
Malta,2020.0,3.0,"US dollar, Nominal (Current Prices)",2768050449.787865,550662097.4090881,-277172082.9090895,-2752457182.303016,812229223.7272686,16397000000.0
Malta,2020.0,4.0,"US dollar, Nominal (Current Prices)",2962372465.477019,1064912385.600034,-48348174.64615541,-1708003946.21544,-143171673.3538508,16397000000.0
Malta,2021.0,1.0,"US dollar, Nominal (Current Prices)",-2244390144.76187,238282713.6190476,335236801.5238044,5095155999.238017,-2947719942.380907,19737000000.0
Malta,2021.0,2.0,"US dollar, Nominal (Current Prices)",-5026538449.777592,788779026.4444141,-421575276.2222067,5169527483.999809,1067365268.444405,19737000000.0
Malta,2021.0,3.0,"US dollar, Nominal (Current Prices)",-5206623239.742494,682164994.3338022,46621480.0757582,5632193068.742499,209448914.7878816,19737000000.0
Malta,2021.0,4.0,"US dollar, Nominal (Current Prices)",-4261829016.4244,801268498.3333629,-548640787.9697171,5747246105.000212,-130556335.7424291,19737000000.0
Malta,2022.0,1.0,"US dollar, Nominal (Current Prices)",209474557.03125,-436122101.84375,141836989.21875,-71585896.8124999,-715847751.28125,19254000000.0
Malta,2022.0,2.0,"US dollar, Nominal (Current Prices)",-1407992127.28574,-42287992.5714293,-2800035.761904812,209055141.5238133,1159449028.952402,19254000000.0
Malta,2022.0,3.0,"US dollar, Nominal (Current Prices)",169360704.3333323,-269090082.7575742,-145113092.9393931,-191332584.7575746,-101995039.7878782,19254000000.0
Malta,2022.0,4.0,"US dollar, Nominal (Current Prices)",-459886569.4999998,85601112.75000006,-27074362.43749999,-1133704484.562499,1706256324.062499,19254000000.0
Malta,2023.0,1.0,"US dollar, Nominal (Current Prices)",-203388316.4615471,482284075.9692513,-84756756.09231131,-1092717276.892354,1863157155.477003,22217000000.0
Malta,2023.0,2.0,"US dollar, Nominal (Current Prices)",-568900115.0967917,316892692.7096878,-22241712.62903299,-287683434.274203,1195717954.709717,22217000000.0
Malta,2023.0,3.0,"US dollar, Nominal (Current Prices)",824187371.8461831,670238635.8461788,-82231525.76923369,-820268993.3846445,745079664.4615649,22217000000.0
Malta,2023.0,4.0,"US dollar, Nominal (Current Prices)",-1127654217.777804,620689315.7936642,-89158306.26984335,382618468.8095327,1454883371.03178,22217000000.0
Malta,2024.0,1.0,"US dollar, Nominal (Current Prices)",-2458222450.793647,230306344.5396822,-320220390.9841265,3039618119.301583,-30868932.98412694,24315000000.0
Malta,2024.0,2.0,"US dollar, Nominal (Current Prices)",-3049942179.619158,871871963.4920962,308791800.4444557,3139503537.968368,473518804.6984299,24315000000.0
Malta,2024.0,3.0,"US dollar, Nominal (Current Prices)",-3197898691.636495,570568496.727296,60134413.6363661,3699524044.18197,8808730.545454906,24315000000.0
Malta,2024.0,4.0,"US dollar, Nominal (Current Prices)",-2906733260.125,428130872.7500001,-460997463.6250001,3852355388.875001,-56483111.00000001,24315000000.0
Malta,2025.0,1.0,"US dollar, Nominal (Current Prices)",512311300.3968399,372497239.2857249,464282444.841283,1039407995.63495,-1643504501.587348,25750000000.0
