Country,Adoption_Year,Indicator,Pre_Variance,Post_Variance,Variance_Ratio,F_Statistic,P_Value,Significance,Volatility_Decreased,Pre_N,Post_N,Series_Type
"Estonia, Republic of",2011,"Assets - Direct investment, Total financial assets/liabilities",12.337424837255675,75.6861754657503,6.134681788471658,0.16300763992016795,2.7130827937644994e-07,***,False,36,45,Crisis_Excluded
"Estonia, Republic of",2011,"Liabilities - Direct investment, Total financial assets/liabilities",59.26802306738549,78.71517987630621,1.3281222453937773,0.7529427381163307,0.3887048288653583,,False,36,45,Crisis_Excluded
"Estonia, Republic of",2011,"Net (net acquisition of financial assets less net incurrence of liabilities) - Direct investment, Total financial assets/liabilities",54.4789499773438,45.10927344492795,0.8280129015645047,1.2077106505351922,0.5489447643065168,,True,36,45,Crisis_Excluded
"Estonia, Republic of",2011,"Assets - Portfolio investment, Total financial assets/liabilities",15.096971697556212,38.94446176603198,2.579620770722914,0.38765387972890275,0.004689498974660634,***,False,36,45,Crisis_Excluded
"Estonia, Republic of",2011,"Liabilities - Portfolio investment, Total financial assets/liabilities",101.66162727101614,11.714992715275917,0.11523514849949561,8.6779078520854,1.4342593779304025e-10,***,True,36,45,Crisis_Excluded
"Estonia, Republic of",2011,"Net (net acquisition of financial assets less net incurrence of liabilities) - Portfolio investment, Total financial assets/liabilities",135.86348310305104,43.585919637551115,0.3208067292407898,3.1171415960212734,0.0004273843657420784,***,True,36,45,Crisis_Excluded
"Estonia, Republic of",2011,"Assets - Portfolio investment, Debt securities",12.156753764124034,40.28021212099417,3.313401990576273,0.30180461134632147,0.00041772209706226343,***,False,36,45,Crisis_Excluded
"Estonia, Republic of",2011,"Liabilities - Portfolio investment, Debt securities",58.6954881808314,11.767180812797584,0.20047845545716877,4.988067160232313,9.743030773279315e-07,***,True,36,45,Crisis_Excluded
"Estonia, Republic of",2011,"Assets - Portfolio investment, Equity and investment fund shares",2.259038971836345,6.213219412991851,2.750381684624591,0.3635858999462809,0.0026170311047882806,***,False,36,45,Crisis_Excluded
"Estonia, Republic of",2011,"Liabilities - Portfolio investment, Equity and investment fund shares",40.06823152344673,0.29410194484076485,0.007340028088553527,136.23926065888753,2.220446049250313e-16,***,True,36,45,Crisis_Excluded
"Estonia, Republic of",2011,"Net (net acquisition of financial assets less net incurrence of liabilities) - Other investment, Total financial assets/liabilities",151.51418333595385,137.0065356107861,0.9042489131661041,1.105890187358519,0.7451987408599081,,True,36,45,Crisis_Excluded
"Estonia, Republic of",2011,"Assets - Other investment, Debt instruments, Deposit taking corporations, except the Central Bank",105.78281289150533,148.33213887869363,1.4022328847582113,0.7131483014481087,0.3041906737095079,,False,36,45,Crisis_Excluded
"Estonia, Republic of",2011,"Assets - Other investment, Debt instruments",105.41966692035605,107.85442639128479,1.0230958752010495,0.9774255025742228,0.9532764910285814,,False,36,45,Crisis_Excluded
"Estonia, Republic of",2011,"Liabilities - Other investment, Debt instruments, Deposit taking corporations, except the Central Bank",100.41829219945383,61.352444321262105,0.6109688083462128,1.636744767227688,0.12178369722415994,,True,36,45,Crisis_Excluded
"Latvia, Republic of",2014,"Assets - Direct investment, Total financial assets/liabilities",1.2426361084464874,4.695766485732749,3.7788749689587555,0.2646290253618906,3.767547172200334e-05,***,False,48,33,Crisis_Excluded
"Latvia, Republic of",2014,"Liabilities - Direct investment, Total financial assets/liabilities",7.9908976794469,7.6614377292259,0.9587705958157378,1.0430023661178132,0.913756530337583,,True,48,33,Crisis_Excluded
"Latvia, Republic of",2014,"Net (net acquisition of financial assets less net incurrence of liabilities) - Direct investment, Total financial assets/liabilities",6.233254774289563,5.2850703454688395,0.8478829338515539,1.179408099957203,0.6295455573822628,,True,48,33,Crisis_Excluded
"Latvia, Republic of",2014,"Assets - Portfolio investment, Total financial assets/liabilities",12.944761780859514,63.73540734780258,4.923644670081417,0.20310157759281683,9.37289459305373e-07,***,False,48,33,Crisis_Excluded
"Latvia, Republic of",2014,"Liabilities - Portfolio investment, Total financial assets/liabilities",14.190914357522978,30.63672857769096,2.1588974329515014,0.46319940203591164,0.015999822103818742,**,False,48,33,Crisis_Excluded
"Latvia, Republic of",2014,"Net (net acquisition of financial assets less net incurrence of liabilities) - Portfolio investment, Total financial assets/liabilities",27.741784143364313,95.02292130853961,3.4252635236969278,0.2919483400566763,0.00013050012089859935,***,False,48,33,Crisis_Excluded
"Latvia, Republic of",2014,"Assets - Portfolio investment, Debt securities",11.189442034741125,64.38729118288708,5.754289711942435,0.1737833946602659,8.543311857618678e-08,***,False,48,33,Crisis_Excluded
"Latvia, Republic of",2014,"Liabilities - Portfolio investment, Debt securities",14.112354235690544,30.763958850620163,2.1799310261655167,0.45873011026362287,0.014727729511364031,**,False,48,33,Crisis_Excluded
"Latvia, Republic of",2014,"Assets - Portfolio investment, Equity and investment fund shares",0.9004889328405196,1.2337116933273744,1.370046480677703,0.7299022435394622,0.3204838375351968,,False,48,33,Crisis_Excluded
"Latvia, Republic of",2014,"Liabilities - Portfolio investment, Equity and investment fund shares",0.1110886815001019,0.0824809468662215,0.7424784033119147,1.3468405216089505,0.3776956132427045,,True,48,33,Crisis_Excluded
"Latvia, Republic of",2014,"Net (net acquisition of financial assets less net incurrence of liabilities) - Other investment, Total financial assets/liabilities",108.94944022007687,109.11880747026325,1.001554549062797,0.9984478638090639,0.9797733913659016,,False,48,33,Crisis_Excluded
"Latvia, Republic of",2014,"Assets - Other investment, Debt instruments, Deposit taking corporations, except the Central Bank",51.122386263000536,127.07783894637775,2.4857571845848954,0.4022919077540525,0.00443654050042162,***,False,48,33,Crisis_Excluded
"Latvia, Republic of",2014,"Assets - Other investment, Debt instruments",65.71851347771275,155.6589646037933,2.3685709911345185,0.4221954941367459,0.0070151782523206795,***,False,48,33,Crisis_Excluded
"Latvia, Republic of",2014,"Liabilities - Other investment, Debt instruments, Deposit taking corporations, except the Central Bank",146.16196857399896,97.96676922982158,0.6702616979342537,1.4919545650333288,0.23527350671978908,,True,48,33,Crisis_Excluded
"Lithuania, Republic of",2015,"Assets - Direct investment, Total financial assets/liabilities",1.8772523873177636,8.100572155295406,4.3151215095108135,0.23174318447254239,6.0458300583130365e-06,***,False,52,29,Crisis_Excluded
"Lithuania, Republic of",2015,"Liabilities - Direct investment, Total financial assets/liabilities",10.156365945586208,10.154632280079479,0.9998293025757424,1.0001707265668427,0.9745548290620105,,True,52,29,Crisis_Excluded
"Lithuania, Republic of",2015,"Net (net acquisition of financial assets less net incurrence of liabilities) - Direct investment, Total financial assets/liabilities",8.804177000440554,6.593545681355877,0.7489110772109582,1.3352720108295495,0.4134044465251203,,True,52,29,Crisis_Excluded
"Lithuania, Republic of",2015,"Assets - Portfolio investment, Total financial assets/liabilities",5.894819330760089,26.42475927947503,4.482708934196932,0.2230793956688486,3.484281362775352e-06,***,False,52,29,Crisis_Excluded
"Lithuania, Republic of",2015,"Liabilities - Portfolio investment, Total financial assets/liabilities",20.649267404966242,39.75835351107332,1.9254123030781836,0.5193692791934933,0.04179585644238687,**,False,52,29,Crisis_Excluded
"Lithuania, Republic of",2015,"Net (net acquisition of financial assets less net incurrence of liabilities) - Portfolio investment, Total financial assets/liabilities",28.316749709830987,38.55779351703272,1.361660286302077,0.7343975660153426,0.3337387008094234,,False,52,29,Crisis_Excluded
"Lithuania, Republic of",2015,"Assets - Portfolio investment, Debt securities",4.761859479554166,27.088834955911036,5.688709436349695,0.17578679508751205,8.694538546331897e-08,***,False,52,29,Crisis_Excluded
"Lithuania, Republic of",2015,"Liabilities - Portfolio investment, Debt securities",19.466092274144298,40.36857545837463,2.0737893815490596,0.4822090463463698,0.023449719478890768,**,False,52,29,Crisis_Excluded
"Lithuania, Republic of",2015,"Assets - Portfolio investment, Equity and investment fund shares",0.2673847837751485,2.102998100382659,7.865062741008965,0.12714456742804262,3.1060613239992e-10,***,False,52,29,Crisis_Excluded
"Lithuania, Republic of",2015,"Liabilities - Portfolio investment, Equity and investment fund shares",0.61914472267206,0.05832124129546428,0.09419646031022551,10.616110167055236,3.709972329346556e-09,***,True,52,29,Crisis_Excluded
"Lithuania, Republic of",2015,"Net (net acquisition of financial assets less net incurrence of liabilities) - Other investment, Total financial assets/liabilities",51.00686051441566,173.95190682034013,3.41036294071025,0.29322392290356575,0.00014086741270522815,***,False,52,29,Crisis_Excluded
"Lithuania, Republic of",2015,"Assets - Other investment, Debt instruments, Deposit taking corporations, except the Central Bank",16.927549459012155,83.71593211795393,4.94554349527444,0.20220224550760071,7.995420532987855e-07,***,False,52,29,Crisis_Excluded
"Lithuania, Republic of",2015,"Assets - Other investment, Debt instruments",25.032885626883026,175.85815301206588,7.025085147323581,0.14234702911479732,2.386299320276937e-09,***,False,52,29,Crisis_Excluded
"Lithuania, Republic of",2015,"Liabilities - Other investment, Debt instruments, Deposit taking corporations, except the Central Bank",36.321959300497575,47.74237600614729,1.3144218243065227,0.7607907762240567,0.3905237341810023,,False,52,29,Crisis_Excluded
